Ni,Ti,Si,Co,Pd,Mo,Fe,V,Cr,Al,Zr,Nb,Mn,Ta,Cu,Hf,Pt,B,HT-1K,HT-2K,T-min,As,Af,Ms,Mf,MsK,HT-1,HT-2,T,th
45.3,29.7,0,0,5,0,0,0,0,0,0,0,0,0,0,20,0,0,1323,823,180,98,136,102,59,375,1050,550,3,
45.3,29.7,0,0,5,0,0,0,0,0,0,0,0,0,0,20,0,0,1323,873,2880,98,137,103,60,376,1050,600,48,
45.3,29.7,0,0,5,0,0,0,0,0,0,0,0,0,0,20,0,0,1173,273,0,113,159,106,83,379,900,0,0,
45.3,29.7,0,0,5,0,0,0,0,0,0,0,0,0,0,20,0,0,1173,273,0,102,150,110,75,383,900,0,0,
45.3,29.7,0,0,5,0,0,0,0,0,0,0,0,0,0,20,0,0,1323,873,300,124,161,108,64,381,1050,600,5,
45.3,29.7,0,0,5,0,0,0,0,0,0,0,0,0,0,20,0,0,1323,873,180,93,154,108,49,381,1050,600,3,
45.3,29.7,0,0,5,0,0,0,0,0,0,0,0,0,0,20,0,0,1173,273,0,113,155,112,95,385,900,0,0,
45.3,29.7,0,0,5,0,0,0,0,0,0,0,0,0,0,20,0,0,1323,873,2880,120,159,114,90,387,1050,600,48,
45.3,29.7,0,0,5,0,0,0,0,0,0,0,0,0,0,20,0,0,1173,273,0,127,182,116,87,389,900,0,0,
45.3,29.7,0,0,5,0,0,0,0,0,0,0,0,0,0,20,0,0,1173,273,0,127,174,113,83,386,900,0,0,
45.3,29.7,0,0,5,0,0,0,0,0,0,0,0,0,0,20,0,0,1323,923,180,139,158,118,101,391,1050,650,3,
45.3,34.7,0,0,5,0,0,0,0,0,0,0,0,0,0,15,0,0,1173,273,0,120,229,122,63,395,900,0,0,
45.3,29.7,0,0,5,0,0,0,0,0,0,0,0,0,0,20,0,0,1323,873,2880,101,176,124,66,397,1050,600,48,
45.3,29.7,0,0,5,0,0,0,0,0,0,0,0,0,0,20,0,0,1323,823,180,113,181,131,66,404,1050,550,3,
45.3,29.7,0,0,5,0,0,0,0,0,0,0,0,0,0,20,0,0,1323,873,180,99,182,144,80,417,1050,600,3,
45.3,29.7,0,0,5,0,0,0,0,0,0,0,0,0,0,20,0,0,1173,273,0,131,214,127,85,400,900,0,0,
45.3,29.7,0,0,5,0,0,0,0,0,0,0,0,0,0,20,0,0,1323,823,180,118,176,138,86,411,1050,550,3,
45.3,29.7,0,0,5,0,0,0,0,0,0,0,0,0,0,20,0,0,1173,273,0,135,228,142,86,415,900,0,0,
45.3,29.7,0,0,5,0,0,0,0,0,0,0,0,0,0,20,0,0,1323,873,4320,134,173,131,93,404,1050,600,72,
45.3,29.7,0,0,5,0,0,0,0,0,0,0,0,0,0,20,0,0,1173,273,0,145,325,160,96,433,900,0,0,
45.3,29.7,0,0,5,0,0,0,0,0,0,0,0,0,0,20,0,0,1323,873,2880,130,250,172,96,445,1050,600,48,
45.3,29.7,0,0,5,0,0,0,0,0,0,0,0,0,0,20,0,0,1323,823,180,149,241,177,88,450,1050,550,3,
45.3,29.7,0,0,5,0,0,0,0,0,0,0,0,0,0,20,0,0,1323,873,4320,149,196,143,109,416,1050,600,72,
45.3,29.7,0,0,5,0,0,0,0,0,0,0,0,0,0,20,0,0,1323,923,180,153,196,153,119,426,1050,650,3,
45.3,29.7,0,0,5,0,0,0,0,0,0,0,0,0,0,20,0,0,1323,873,4320,161,208,157,120,430,1050,600,72,
45.3,29.7,0,0,5,0,0,0,0,0,0,0,0,0,0,20,0,0,1323,873,2880,161,202,154,124,427,1050,600,48,
45.3,29.7,0,0,5,0,0,0,0,0,0,0,0,0,0,20,0,0,1323,923,180,145,240,169,130,442,1050,650,3,
45.3,29.7,0,0,5,0,0,0,0,0,0,0,0,0,0,20,0,0,1323,873,4320,171,241,182,142,455,1050,600,72,
45.3,29.7,0,0,5,0,0,0,0,0,0,0,0,0,0,20,0,0,1323,873,2880,179,234,177,146,450,1050,600,48,
45.3,29.7,0,0,5,0,0,0,0,0,0,0,0,0,0,20,0,0,1173,773,90,243,237,202,208,475,900,500,1.5,
45.3,29.7,0,0,5,0,0,0,0,0,0,0,0,0,0,20,0,0,1173,873,90,266,263,203,206,476,900,600,1.5,
45.3,29.7,0,0,5,0,0,0,0,0,0,0,0,0,0,20,0,0,1173,973,90,264,271,231,227,504,900,700,1.5,
45.3,29.7,0,0,5,0,0,0,0,0,0,0,0,0,0,20,0,0,1173,1073,90,266,270,234,228,507,900,800,1.5,
45.3,29.7,0,0,5,0,0,0,0,0,0,0,0,0,0,20,0,0,1173,1173,90,265,272,236,228,509,900,900,1.5,
19.5,50.5,0,0,25,0,0,0,0,0,0,0,0,0,0,0,5,0,1323,788,45,263,273,268,254,541,1050,515,0.75,
19.8,50,0,0,30,0,0,0,0,0,0,0,0,0,0,0,0,0.2,1273,1173,60,239,246,231,218,504,1000,900,1,
19.8,50,0,0,30,0,0,0,0,0,0,0,0,0,0,0,0,0.2,1273,1173,60,235,249,232,218,505,1000,900,1,
19.8,50,0,0,30,0,0,0,0,0,0,0,0,0,0,0,0,0.2,1273,1173,60,240,259,237,220,510,1000,900,1,
19.8,50,0,0,30,0,0,0,0,0,0,0,0,0,0,0,0,0.2,1273,1173,60,242,273,247,220,520,1000,900,1,
19.8,50,0,0,30,0,0,0,0,0,0,0,0,0,0,0,0,0.2,1273,1173,60,241,286,256,220,529,1000,900,1,
15,50,0,0,25,0,0,0,0,0,0,0,0,0,10,0,0,0,1223,873,60,95,133,101,71,374,950,600,1,
15,50,0,0,25,0,0,0,0,0,0,0,0,0,10,0,0,0,1223,873,60,98,140,102,63,375,950,600,1,
15,50,0,0,25,0,0,0,0,0,0,0,0,0,10,0,0,0,1223,873,60,103,137,111,70,384,950,600,1,
15,50,0,0,25,0,0,0,0,0,0,0,0,0,10,0,0,0,1223,873,60,107,147,115,73,388,950,600,1,
15,50,0,0,25,0,0,0,0,0,0,0,0,0,10,0,0,0,1223,873,60,111,160,126,79,399,950,600,1,
15,50,0,0,25,0,0,0,0,0,0,0,0,0,10,0,0,0,1223,873,60,113,180,138,78,411,950,600,1,
20,50,0,0,25,0,0,0,0,0,0,0,0,0,5,0,0,0,1223,773,60,139,170,115,88,388,950,500,1,
15,50,0,0,25,0,0,0,0,0,0,0,0,0,10,0,0,0,1223,873,60,112,139,119,87,392,950,600,1,
20,50,0,0,25,0,0,0,0,0,0,0,0,0,5,0,0,0,1223,773,60,149,184,129,94,402,950,500,1,
20,50,0,0,25,0,0,0,0,0,0,0,0,0,5,0,0,0,1223,673,60,146,167,126,101,399,950,400,1,
20,50,0,0,25,0,0,0,0,0,0,0,0,0,5,0,0,0,1223,273,0,162,199,145,107,418,950,0,0,
20,50,0,0,25,0,0,0,0,0,0,0,0,0,5,0,0,0,1223,273,0,158,178,138,110,411,950,0,0,
20,50,0,0,25,0,0,0,0,0,0,0,0,0,5,0,0,0,1223,273,0,160,180,148,126,421,950,0,0,
15,50,0,0,25,0,0,0,0,0,0,0,0,0,10,0,0,0,1223,273,0,159,173,149,138,422,950,0,0,
15,50,0,0,25,0,0,0,0,0,0,0,0,0,10,0,0,0,273,273,0,95,133,101,71,374,0,0,0,
15,50,0,0,25,0,0,0,0,0,0,0,0,0,10,0,0,0,273,273,0,98,140,102,63,375,0,0,0,
15,50,0,0,25,0,0,0,0,0,0,0,0,0,10,0,0,0,273,273,0,103,137,111,70,384,0,0,0,
15,50,0,0,25,0,0,0,0,0,0,0,0,0,10,0,0,0,273,273,0,107,147,115,73,388,0,0,0,
15,50,0,0,25,0,0,0,0,0,0,0,0,0,10,0,0,0,273,273,0,112,139,119,87,392,0,0,0,
15,50,0,0,25,0,0,0,0,0,0,0,0,0,10,0,0,0,273,273,0,111,160,126,79,399,0,0,0,
15,50,0,0,25,0,0,0,0,0,0,0,0,0,10,0,0,0,273,273,0,113,180,138,78,411,0,0,0,
15,50,0,0,25,0,0,0,0,0,0,0,0,0,10,0,0,0,1223,1173,60,159,173,149,138,422,950,900,1,
15,50,0,0,25,0,0,0,0,0,0,0,0,0,10,0,0,0,1223,923,60,152,181,151,134,424,950,650,1,
15,50,0,0,25,0,0,0,0,0,0,0,0,0,10,0,0,0,1223,1173,60,150,179,151,133,424,950,900,1,
20,50,0,0,25,0,0,0,0,0,0,0,0,0,5,0,0,0,273,273,0,139,170,115,88,388,0,0,0,
20,50,0,0,25,0,0,0,0,0,0,0,0,0,5,0,0,0,273,273,0,149,184,129,94,402,0,0,0,
20,50,0,0,25,0,0,0,0,0,0,0,0,0,5,0,0,0,273,273,0,146,167,126,101,399,0,0,0,
20,50,0,0,25,0,0,0,0,0,0,0,0,0,5,0,0,0,1223,673,60,158,178,138,110,411,950,400,1,
20,50,0,0,25,0,0,0,0,0,0,0,0,0,5,0,0,0,1223,773,60,162,199,145,107,418,950,500,1,
20,50,0,0,25,0,0,0,0,0,0,0,0,0,5,0,0,0,1223,773,60,160,180,148,126,421,950,500,1,
20,50,0,0,25,0,0,0,0,0,0,0,0,0,5,0,0,0,1223,673,60,170,191,152,122,425,950,400,1,
20,50,0,0,25,0,0,0,0,0,0,0,0,0,5,0,0,0,273,273,0,170,191,152,122,425,0,0,0,
15,50,0,0,25,0,0,0,0,0,0,0,0,0,10,0,0,0,1223,1173,60,133,191,154,105,427,950,900,1,
20,50,0,0,25,0,0,0,0,0,0,0,0,0,5,0,0,0,1223,673,60,102,167,154,103,427,950,400,1,
20,50,0,0,25,0,0,0,0,0,0,0,0,0,5,0,0,0,1223,1173,60,156,178,155,133,428,950,900,1,
20,50,0,0,25,0,0,0,0,0,0,0,0,0,5,0,0,0,1223,773,60,184,217,157,124,430,950,500,1,
20,50,0,0,25,0,0,0,0,0,0,0,0,0,5,0,0,0,1223,773,60,123,180,157,112,430,950,500,1,
20,50,0,0,25,0,0,0,0,0,0,0,0,0,5,0,0,0,1223,773,60,175,192,158,137,431,950,500,1,
17.5,50,0,0,25,0,0,0,0,0,0,0,0,0,7.5,0,0,0,1223,873,60,133,188,159,120,432,950,600,1,
22,50,0,0,25,0,0,0,0,0,0,0,0,0,3,0,0,0,1223,773,60,166,179,161,146,434,950,500,1,
15,50,0,0,25,0,0,0,0,0,0,0,0,0,10,0,0,0,1223,1173,60,170,189,161,142,434,950,900,1,
15,50,0,0,25,0,0,0,0,0,0,0,0,0,10,0,0,0,1223,1173,60,168,184,161,138,434,950,900,1,
15,50,0,0,25,0,0,0,0,0,0,0,0,0,10,0,0,0,1223,1173,60,156,188,161,133,434,950,900,1,
15,50,0,0,25,0,0,0,0,0,0,0,0,0,10,0,0,0,1223,1173,60,148,212,161,109,434,950,900,1,
15,50,0,0,25,0,0,0,0,0,0,0,0,0,10,0,0,0,1223,1173,60,177,201,163,143,436,950,900,1,
15,50,0,0,25,0,0,0,0,0,0,0,0,0,10,0,0,0,1223,1173,60,173,186,166,151,439,950,900,1,
20,50,0,0,25,0,0,0,0,0,0,0,0,0,5,0,0,0,1223,673,60,180,210,166,136,439,950,400,1,
15,50,0,0,25,0,0,0,0,0,0,0,0,0,10,0,0,0,1223,1173,60,175,187,167,152,440,950,900,1,
15,50,0,0,25,0,0,0,0,0,0,0,0,0,10,0,0,0,1223,1173,60,172,185,167,151,440,950,900,1,
15,50,0,0,25,0,0,0,0,0,0,0,0,0,10,0,0,0,1223,1173,60,171,184,167,150,440,950,900,1,
15,50,0,0,25,0,0,0,0,0,0,0,0,0,10,0,0,0,1223,1173,60,150,222,167,112,440,950,900,1,
15,50,0,0,25,0,0,0,0,0,0,0,0,0,10,0,0,0,1223,1173,60,165,189,168,150,441,950,900,1,
22,50,0,0,25,0,0,0,0,0,0,0,0,0,3,0,0,0,1223,1173,60,167,184,169,152,442,950,900,1,
15,50,0,0,25,0,0,0,0,0,0,0,0,0,10,0,0,0,1223,273,0,179,192,169,150,442,950,0,0,
15,50,0,0,25,0,0,0,0,0,0,0,0,0,10,0,0,0,1223,1173,60,180,192,170,153,443,950,900,1,
15,50,0,0,25,0,0,0,0,0,0,0,0,0,10,0,0,0,1223,1173,60,178,193,170,150,443,950,900,1,
15,50,0,0,25,0,0,0,0,0,0,0,0,0,10,0,0,0,1223,1173,60,174,194,170,147,443,950,900,1,
22,50,0,0,25,0,0,0,0,0,0,0,0,0,3,0,0,0,1223,873,60,172,187,171,158,444,950,600,1,
15,50,0,0,25,0,0,0,0,0,0,0,0,0,10,0,0,0,1223,1173,60,156,229,171,116,444,950,900,1,
15,50,0,0,25,0,0,0,0,0,0,0,0,0,10,0,0,0,1223,1173,60,179,193,172,151,445,950,900,1,
15,50,0,0,25,0,0,0,0,0,0,0,0,0,10,0,0,0,1223,1173,60,179,203,173,146,446,950,900,1,
15,50,0,0,25,0,0,0,0,0,0,0,0,0,10,0,0,0,1223,1173,60,150,235,173,112,446,950,900,1,
20,50,0,0,25,0,0,0,0,0,0,0,0,0,5,0,0,0,1223,773,60,190,237,173,136,446,950,500,1,
22,50,0,0,25,0,0,0,0,0,0,0,0,0,3,0,0,0,1223,973,60,166,188,172,167,445,950,700,1,
20,50,0,0,25,0,0,0,0,0,0,0,0,0,5,0,0,0,1223,1173,60,166,189,176,155,449,950,900,1,
20,50,0,0,25,0,0,0,0,0,0,0,0,0,5,0,0,0,1223,273,0,188,209,176,149,449,950,0,0,
15,50,0,0,25,0,0,0,0,0,0,0,0,0,10,0,0,0,1223,1173,60,138,206,176,120,449,950,900,1,
17.5,50,0,0,25,0,0,0,0,0,0,0,0,0,7.5,0,0,0,1223,1173,60,174,192,177,162,450,950,900,1,
20,50,0,0,25,0,0,0,0,0,0,0,0,0,5,0,0,0,1223,873,60,177,196,179,164,452,950,600,1,
15,50,0,0,30,0,0,0,0,0,0,0,0,0,5,0,0,0,1223,773,60,208,241,179,160,452,950,500,1,
15,50,0,0,25,0,0,0,0,0,0,0,0,0,10,0,0,0,1223,1173,60,189,220,179,148,452,950,900,1,
15,50,0,0,25,0,0,0,0,0,0,0,0,0,10,0,0,0,1223,1173,60,155,238,179,116,452,950,900,1,
20,50,0,0,25,0,0,0,0,0,0,0,0,0,5,0,0,0,1223,973,60,171,198,180,157,453,950,700,1,
17.5,50,0,0,25,0,0,0,0,0,0,0,0,0,7.5,0,0,0,1223,273,0,185,197,181,171,454,950,0,0,
15,50,0,0,25,0,0,0,0,0,0,0,0,0,10,0,0,0,1173,973,60,186,198,181,167,454,900,700,1,
20,50,0,0,25,0,0,0,0,0,0,0,0,0,5,0,0,0,273,273,0,181,194,181,166,454,0,0,0,
15,50,0,0,25,0,0,0,0,0,0,0,0,0,10,0,0,0,1223,273,0,190,225,181,149,454,950,0,0,
15,50,0,0,25,0,0,0,0,0,0,0,0,0,10,0,0,0,1223,1173,60,181,198,182,168,455,950,900,1,
20,50,0,0,25,0,0,0,0,0,0,0,0,0,5,0,0,0,1223,1173,60,181,194,181,166,454,950,900,1,
15,50,0,0,25,0,0,0,0,0,0,0,0,0,10,0,0,0,1223,973,60,188,201,183,171,456,950,700,1,
20,50,0,0,25,0,0,0,0,0,0,0,0,0,5,0,0,0,1223,873,60,185,199,183,165,456,950,600,1,
20,50,0,0,25,0,0,0,0,0,0,0,0,0,5,0,0,0,1223,673,60,189,230,184,148,457,950,400,1,
15,50,0,0,25,0,0,0,0,0,0,0,0,0,10,0,0,0,1223,973,60,193,201,185,176,458,950,700,1,
15,50,0,0,25,0,0,0,0,0,0,0,0,0,10,0,0,0,1223,1173,60,194,203,185,170,458,950,900,1,
15,50,0,0,25,0,0,0,0,0,0,0,0,0,10,0,0,0,1223,1173,60,157,233,185,116,458,950,900,1,
15,50,0,0,25,0,0,0,0,0,0,0,0,0,10,0,0,0,1223,1173,60,144,215,186,125,459,950,900,1,
15,50,0,0,25,0,0,0,0,0,0,0,0,0,10,0,0,0,1223,1173,60,160,240,186,122,459,950,900,1,
20,50,0,0,25,0,0,0,0,0,0,0,0,0,5,0,0,0,1223,973,60,192,211,187,155,460,950,700,1,
20,50,0,0,25,0,0,0,0,0,0,0,0,0,5,0,0,0,1223,1173,60,197,209,188,165,461,950,900,1,
20,50,0,0,25,0,0,0,0,0,0,0,0,0,5,0,0,0,1223,773,60,203,258,188,137,461,950,500,1,
15,50,0,0,25,0,0,0,0,0,0,0,0,0,10,0,0,0,1223,1173,60,197,205,189,180,462,950,900,1,
15,50,0,0,25,0,0,0,0,0,0,0,0,0,10,0,0,0,1223,1173,60,195,209,189,173,462,950,900,1,
15,50,0,0,30,0,0,0,0,0,0,0,0,0,5,0,0,0,1223,773,60,207,244,189,162,462,950,500,1,
15,50,0,0,30,0,0,0,0,0,0,0,0,0,5,0,0,0,1223,1173,60,147,225,191,131,464,950,900,1,
15,50,0,0,30,0,0,0,0,0,0,0,0,0,5,0,0,0,1223,1173,60,190,205,192,178,465,950,900,1,
20,50,0,0,25,0,0,0,0,0,0,0,0,0,5,0,0,0,1223,773,60,201,231,193,163,466,950,500,1,
15,50,0,0,25,0,0,0,0,0,0,0,0,0,10,0,0,0,1223,1173,60,220,226,194,188,467,950,900,1,
15,50,0,0,25,0,0,0,0,0,0,0,0,0,10,0,0,0,1223,1173,60,194,238,194,151,467,950,900,1,
15,50,0,0,25,0,0,0,0,0,0,0,0,0,10,0,0,0,1223,1173,60,193,207,195,179,468,950,900,1,
15,50,0,0,25,0,0,0,0,0,0,0,0,0,10,0,0,0,1223,1173,60,208,237,195,172,468,950,900,1,
15,50,0,0,25,0,0,0,0,0,0,0,0,0,10,0,0,0,1223,1173,60,198,219,195,169,468,950,900,1,
15,50,0,0,25,0,0,0,0,0,0,0,0,0,10,0,0,0,1223,273,0,201,219,196,164,469,950,0,0,
15,50,0,0,25,0,0,0,0,0,0,0,0,0,10,0,0,0,1223,273,0,204,251,196,150,469,950,0,0,
15,50,0,0,25,0,0,0,0,0,0,0,0,0,10,0,0,0,1223,1173,60,205,245,197,159,470,950,900,1,
15,50,0,0,25,0,0,0,0,0,0,0,0,0,10,0,0,0,1223,1173,60,201,222,197,171,470,950,900,1,
20,50,0,0,25,0,0,0,0,0,0,0,0,0,5,0,0,0,1223,1173,60,209,229,199,171,472,950,900,1,
15,50,0,0,30,0,0,0,0,0,0,0,0,0,5,0,0,0,1223,773,30,210,258,201,170,474,950,500,0.5,
15,50,0,0,30,0,0,0,0,0,0,0,0,0,5,0,0,0,1223,773,60,216,261,201,169,474,950,500,1,
15,50,0,0,30,0,0,0,0,0,0,0,0,0,5,0,0,0,1223,1173,60,166,243,201,125,474,950,900,1,
15,50,0,0,30,0,0,0,0,0,0,0,0,0,5,0,0,0,1223,1173,60,163,248,201,122,474,950,900,1,
20,50,0,0,25,0,0,0,0,0,0,0,0,0,5,0,0,0,1223,673,60,208,249,202,155,475,950,400,1,
15,50,0,0,25,0,0,0,0,0,0,0,0,0,10,0,0,0,1223,1173,60,223,254,203,183,476,950,900,1,
15,50,0,0,25,0,0,0,0,0,0,0,0,0,10,0,0,0,1223,1173,60,220,261,204,180,477,950,900,1,
15,50,0,0,25,0,0,0,0,0,0,0,0,0,10,0,0,0,1223,1173,60,211,254,205,166,478,950,900,1,
15,50,0,0,25,0,0,0,0,0,0,0,0,0,10,0,0,0,1223,1173,60,211,236,206,176,479,950,900,1,
15,50,0,0,25,0,0,0,0,0,0,0,0,0,10,0,0,0,1223,1173,60,208,245,208,179,481,950,900,1,
15,50,0,0,25,0,0,0,0,0,0,0,0,0,10,0,0,0,1223,1173,60,224,262,209,185,482,950,900,1,
15,50,0,0,25,0,0,0,0,0,0,0,0,0,10,0,0,0,1223,1173,60,211,238,209,179,482,950,900,1,
15,50,0,0,25,0,0,0,0,0,0,0,0,0,10,0,0,0,1223,773,30,217,266,209,170,482,950,500,0.5,
15,50,0,0,25,0,0,0,0,0,0,0,0,0,10,0,0,0,1223,973,60,228,247,212,194,485,950,700,1,
20,50,0,0,25,0,0,0,0,0,0,0,0,0,5,0,0,0,1223,773,60,213,249,211,167,484,950,500,1,
15,50,0,0,25,0,0,0,0,0,0,0,0,0,10,0,0,0,1223,1173,60,215,263,211,155,484,950,900,1,
15,50,0,0,25,0,0,0,0,0,0,0,0,0,10,0,0,0,1223,1173,60,228,247,212,194,485,950,900,1,
15,50,0,0,25,0,0,0,0,0,0,0,0,0,10,0,0,0,1223,773,60,229,276,213,173,486,950,500,1,
20,50,0,0,25,0,0,0,0,0,0,0,0,0,5,0,0,0,1223,273,0,215,247,214,170,487,950,0,0,
15,50,0,0,25,0,0,0,0,0,0,0,0,0,10,0,0,0,1223,1173,60,209,259,214,158,487,950,900,1,
15,50,0,0,25,0,0,0,0,0,0,0,0,0,10,0,0,0,1223,1173,60,170,252,213,127,486,950,900,1,
20,50,0,0,25,0,0,0,0,0,0,0,0,0,5,0,0,0,1223,1173,60,221,249,215,179,488,950,900,1,
15,50,0,0,30,0,0,0,0,0,0,0,0,0,5,0,0,0,1223,773,60,164,252,217,152,490,950,500,1,
15,50,0,0,30,0,0,0,0,0,0,0,0,0,5,0,0,0,1223,773,30,231,281,218,182,491,950,500,0.5,
15,50,0,0,30,0,0,0,0,0,0,0,0,0,5,0,0,0,1223,1173,60,222,267,218,181,491,950,900,1,
15,50,0,0,30,0,0,0,0,0,0,0,0,0,5,0,0,0,1223,773,9.96,232,268,220,189,493,950,500,0.166,
15,50,0,0,30,0,0,0,0,0,0,0,0,0,5,0,0,0,1223,1173,60,221,260,220,182,493,950,900,1,
20,50,0,0,25,0,0,0,0,0,0,0,0,0,5,0,0,0,1223,773,60,225,268,221,177,494,950,500,1,
20,50,0,0,25,0,0,0,0,0,0,0,0,0,5,0,0,0,1223,1173,60,235,268,224,185,497,950,900,1,
15,50,0,0,25,0,0,0,0,0,0,0,0,0,10,0,0,0,1223,973,60,219,259,224,178,497,950,700,1,
15,50,0,0,30,0,0,0,0,0,0,0,0,0,5,0,0,0,1223,773,9.96,248,270,226,199,499,950,500,0.166,
15,50,0,0,25,0,0,0,0,0,0,0,0,0,10,0,0,0,1223,1173,60,222,257,226,187,499,950,900,1,
15,50,0,0,25,0,0,0,0,0,0,0,0,0,10,0,0,0,1223,1173,60,235,269,228,191,501,950,900,1,
15,50,0,0,25,0,0,0,0,0,0,0,0,0,10,0,0,0,1223,1173,60,234,282,229,186,502,950,900,1,
15,50,0,0,25,0,0,0,0,0,0,0,0,0,10,0,0,0,1223,773,60,238,293,229,182,502,950,500,1,
15,50,0,0,25,0,0,0,0,0,0,0,0,0,10,0,0,0,1223,1173,60,239,271,230,201,503,950,900,1,
15,50,0,0,25,0,0,0,0,0,0,0,0,0,10,0,0,0,1223,1173,60,231,272,231,187,504,950,900,1,
15,50,0,0,25,0,0,0,0,0,0,0,0,0,10,0,0,0,1223,773,60,239,295,231,186,504,950,500,1,
15,50,0,0,25,0,0,0,0,0,0,0,0,0,10,0,0,0,1223,1173,60,230,281,233,164,506,950,900,1,
20,50,0,0,25,0,0,0,0,0,0,0,0,0,5,0,0,0,1223,1173,60,242,291,237,194,510,950,900,1,
15,50,0,0,30,0,0,0,0,0,0,0,0,0,5,0,0,0,1223,773,9.96,259,285,239,214,512,950,500,0.166,
15,50,0,0,30,0,0,0,0,0,0,0,0,0,5,0,0,0,1223,1173,60,242,300,239,190,512,950,900,1,
20,50,0,0,25,0,0,0,0,0,0,0,0,0,5,0,0,0,1223,973,60,233,285,239,186,512,950,700,1,
15,50,0,0,25,0,0,0,0,0,0,0,0,0,10,0,0,0,1223,1173,60,234,278,241,196,514,950,900,1,
15,50,0,0,30,0,0,0,0,0,0,0,0,0,5,0,0,0,1223,1173,60,252,263,244,231,517,950,900,1,
15,50,0,0,25,0,0,0,0,0,0,0,0,0,10,0,0,0,1223,973,60,245,302,245,214,518,950,700,1,
15,50,0,0,25,0,0,0,0,0,0,0,0,0,10,0,0,0,1223,1173,60,252,288,245,211,518,950,900,1,
15,50,0,0,25,0,0,0,0,0,0,0,0,0,10,0,0,0,1223,273,0,254,317,244,188,517,950,0,0,
15,50,0,0,30,0,0,0,0,0,0,0,0,0,5,0,0,0,1223,973,60,255,266,248,234,521,950,700,1,
15,50,0,0,30,0,0,0,0,0,0,0,0,0,5,0,0,0,1223,773,30,244,310,247,194,520,950,500,0.5,
15,50,0,0,30,0,0,0,0,0,0,0,0,0,5,0,0,0,1223,773,60,225,309,248,186,521,950,500,1,
15,50,0,0,30,0,0,0,0,0,0,0,0,0,5,0,0,0,1223,1173,60,249,262,249,234,522,950,900,1,
20,50,0,0,25,0,0,0,0,0,0,0,0,0,5,0,0,0,1223,1173,60,242,311,249,193,522,950,900,1,
15,50,0,0,25,0,0,0,0,0,0,0,0,0,10,0,0,0,1223,973,60,236,294,253,194,526,950,700,1,
20,50,0,0,25,0,0,0,0,0,0,0,0,0,5,0,0,0,1223,973,60,247,310,253,196,526,950,700,1,
15,50,0,0,30,0,0,0,0,0,0,0,0,0,5,0,0,0,1223,773,30,244,320,254,197,527,950,500,0.5,
15,50,0,0,30,0,0,0,0,0,0,0,0,0,5,0,0,0,1223,973,60,242,316,259,203,532,950,700,1,
15,50,0,0,25,0,0,0,0,0,0,0,0,0,10,0,0,0,1223,973,60,235,296,252,203,525,950,700,1,
15,50,0,0,25,0,0,0,0,0,0,0,0,0,10,0,0,0,1223,973,60,229,299,253,203,526,950,700,1,
15,50,0,0,25,0,0,0,0,0,0,0,0,0,10,0,0,0,1223,973,60,238,298,254,203,527,950,700,1,
20,50,0,0,25,0,0,0,0,0,0,0,0,0,5,0,0,0,1223,973,60,241,277,255,204,528,950,700,1,
15,50,0,0,25,0,0,0,0,0,0,0,0,0,10,0,0,0,1223,1173,60,253,299,254,206,527,950,900,1,
15,50,0,0,25,0,0,0,0,0,0,0,0,0,10,0,0,0,1223,973,60,242,301,251,212,524,950,700,1,
15,50,0,0,30,0,0,0,0,0,0,0,0,0,5,0,0,0,1223,773,9.96,271,302,253,223,526,950,500,0.166,
15,50,0,0,30,0,0,0,0,0,0,0,0,0,5,0,0,0,1223,773,60,258,281,255,238,528,950,500,1,
15,50,0,0,25,0,0,0,0,0,0,0,0,0,10,0,0,0,1223,973,60,258,284,258,230,531,950,700,1,
10,50,0,0,35,0,0,0,0,0,0,0,0,0,5,0,0,0,1223,773,60,279,300,264,244,537,950,500,1,
10,50,0,0,35,0,0,0,0,0,0,0,0,0,5,0,0,0,1223,773,9.96,277,326,264,230,537,950,500,0.166,
15,50,0,0,25,0,0,0,0,0,0,0,0,0,10,0,0,0,1223,1173,60,264,305,262,218,535,950,900,1,
15,50,0,0,25,0,0,0,0,0,0,0,0,0,10,0,0,0,1223,973,60,252,329,263,209,536,950,700,1,
15,50,0,0,25,0,0,0,0,0,0,0,0,0,10,0,0,0,1223,973,60,246,323,263,206,536,950,700,1,
20,50,0,0,25,0,0,0,0,0,0,0,0,0,5,0,0,0,1223,973,60,250,322,261,203,534,950,700,1,
15,50,0,0,25,0,0,0,0,0,0,0,0,0,10,0,0,0,1223,273,0,259,315,270,208,543,950,0,0,
10,50,0,0,35,0,0,0,0,0,0,0,0,0,5,0,0,0,1223,773,60,292,321,272,247,545,950,500,1,
15,50,0,0,25,0,0,0,0,0,0,0,0,0,10,0,0,0,1223,1173,60,259,315,270,208,543,950,900,1,
15,50,0,0,30,0,0,0,0,0,0,0,0,0,5,0,0,0,1223,773,9.96,277,343,276,228,549,950,500,0.166,
10,50,0,0,35,0,0,0,0,0,0,0,0,0,5,0,0,0,1223,773,60,288,332,283,248,556,950,500,1,
10,50,0,0,35,0,0,0,0,0,0,0,0,0,5,0,0,0,1223,773,60,246,311,283,223,556,950,500,1,
15,50,0,0,25,0,0,0,0,0,0,0,0,0,10,0,0,0,1223,1173,60,271,320,288,215,561,950,900,1,
10,50,0,0,35,0,0,0,0,0,0,0,0,0,5,0,0,0,1223,773,60,301,345,295,251,568,950,500,1,
10,50,0,0,35,0,0,0,0,0,0,0,0,0,5,0,0,0,1223,773,60,307,366,304,255,577,950,500,1,
10,50,0,0,35,0,0,0,0,0,0,0,0,0,5,0,0,0,1223,873,60,314,338,307,280,580,950,600,1,
10,50,0,0,35,0,0,0,0,0,0,0,0,0,5,0,0,0,1223,973,60,340,351,329,312,602,950,700,1,
10,50,0,0,35,0,0,0,0,0,0,0,0,0,5,0,0,0,1223,1173,60,336,351,332,316,605,950,900,1,
24.5,45.5,0,0,25,0,0,0,0,0,0,0,0,5,0,0,0,0,1323,273,0,122,135,105,89,378,1050,0,0,
24.5,45.5,0,0,25,0,0,0,0,0,0,0,0,5,0,0,0,0,1323,273,0,111,136,110,83,383,1050,0,0,
24.5,47.5,0,0,25,0,0,0,0,0,0,0,0,3,0,0,0,0,1323,273,0,159,173,148,129,421,1050,0,0,
24.5,47.5,0,0,25,0,0,0,0,0,0,0,0,3,0,0,0,0,1323,273,0,165,169,151,146,424,1050,0,0,
24.5,47.5,0,0,25,0,0,0,0,0,0,0,0,3,0,0,0,0,1323,273,0,169,175,153,148,426,1050,0,0,
24.5,47.5,0,0,25,0,0,0,0,0,0,0,0,3,0,0,0,0,1323,273,0,174,184,159,149,432,1050,0,0,
24.5,47.5,0,0,25,0,0,0,0,0,0,0,0,3,0,0,0,0,1323,273,0,178,194,168,151,441,1050,0,0,
24.5,47.5,0,0,25,0,0,0,0,0,0,0,0,3,0,0,0,0,1323,273,0,181,206,179,154,452,1050,0,0,
24.5,49.5,0,0,25,0,0,0,0,0,0,0,0,1,0,0,0,0,1323,273,0,189,202,179,162,452,1050,0,0,
24.5,47.5,0,0,25,0,0,0,0,0,0,0,0,3,0,0,0,0,1323,273,0,187,216,187,157,460,1050,0,0,
24.5,49.5,0,0,25,0,0,0,0,0,0,0,0,1,0,0,0,0,1323,273,0,191,196,179,174,452,1050,0,0,
24.5,49.5,0,0,25,0,0,0,0,0,0,0,0,1,0,0,0,0,1323,273,0,195,202,182,175,455,1050,0,0,
24.5,49.5,0,0,25,0,0,0,0,0,0,0,0,1,0,0,0,0,1323,273,0,198,211,188,175,461,1050,0,0,
24.5,49.5,0,0,25,0,0,0,0,0,0,0,0,1,0,0,0,0,1323,273,0,202,221,197,179,470,1050,0,0,
24.5,49.5,0,0,25,0,0,0,0,0,0,0,0,1,0,0,0,0,1323,273,0,207,231,205,181,478,1050,0,0,
24.5,49.5,0,0,25,0,0,0,0,0,0,0,0,1,0,0,0,0,1323,273,0,212,241,215,183,488,1050,0,0,
30,50,0,0,20,0,0,0,0,0,0,0,0,0,0,0,0,0,1273,273,0,230,406,107,68,380,1000,0,0,
33.7,50.3,0,0,16,0,0,0,0,0,0,0,0,0,0,0,0,0,273,273,0,107,135,103,74,376,0,0,0,
33.7,50.3,0,0,16,0,0,0,0,0,0,0,0,0,0,0,0,0,273,273,0,100,114,101,74,374,0,0,0,
33.7,50.3,0,0,16,0,0,0,0,0,0,0,0,0,0,0,0,0,273,273,0,88,124,104,77,377,0,0,0,
33.7,50.3,0,0,16,0,0,0,0,0,0,0,0,0,0,0,0,0,273,273,0,104,122,107,78,380,0,0,0,
33.7,50.3,0,0,16,0,0,0,0,0,0,0,0,0,0,0,0,0,273,273,0,82,113,107,85,380,0,0,0,
33.7,50.3,0,0,16,0,0,0,0,0,0,0,0,0,0,0,0,0,273,273,0,108,117,102,96,375,0,0,0,
33.7,50.3,0,0,16,0,0,0,0,0,0,0,0,0,0,0,0,0,273,273,0,114,125,108,100,381,0,0,0,
33,50,0,0,17,0,0,0,0,0,0,0,0,0,0,0,0,0,1223,273,0,113,124,110,93,383,950,0,0,
30,50,0,0,20,0,0,0,0,0,0,0,0,0,0,0,0,0,1273,273,0,102,124,109,80,382,1000,0,0,
30,50,0,0,20,0,0,0,0,0,0,0,0,0,0,0,0,0,1273,273,0,110,117,103,92,376,1000,0,0,
30,50,0,0,20,0,0,0,0,0,0,0,0,0,0,0,0,0,1273,273,0,115,123,108,97,381,1000,0,0,
26.4,51.8,0,0,21.8,0,0,0,0,0,0,0,0,0,0,0,0,0,973,273,0,110,125,102,82,375,700,0,0,
26.4,51.8,0,0,21.8,0,0,0,0,0,0,0,0,0,0,0,0,0,973,273,0,110,125,104,84,377,700,0,0,
26.4,51.8,0,0,21.8,0,0,0,0,0,0,0,0,0,0,0,0,0,973,273,0,114,130,106,88,379,700,0,0,
20,50,0,0,30,0,0,0,0,0,0,0,0,0,0,0,0,0,873,273,0,109,152,108,80,381,600,0,0,
21,49,0,0,30,0,0,0,0,0,0,0,0,0,0,0,0,0,1273,273,0,113,128,111,93,384,1000,0,0,
33.7,50.3,0,0,16,0,0,0,0,0,0,0,0,0,0,0,0,0,273,273,0,108,129,113,81,386,0,0,0,
33.7,50.3,0,0,16,0,0,0,0,0,0,0,0,0,0,0,0,0,273,273,0,88,120,112,87,385,0,0,0,
33.7,50.3,0,0,16,0,0,0,0,0,0,0,0,0,0,0,0,0,273,273,0,94,136,120,83,393,0,0,0,
33.7,50.3,0,0,16,0,0,0,0,0,0,0,0,0,0,0,0,0,273,273,0,91,131,117,90,390,0,0,0,
33.7,50.3,0,0,16,0,0,0,0,0,0,0,0,0,0,0,0,0,273,273,0,117,137,114,104,387,0,0,0,
30,50,0,0,20,0,0,0,0,0,0,0,0,0,0,0,0,0,1273,273,0,108,132,117,88,390,1000,0,0,
30,50,0,0,20,0,0,0,0,0,0,0,0,0,0,0,0,0,1273,273,0,118,130,113,100,386,1000,0,0,
30,50,0,0,20,0,0,0,0,0,0,0,0,0,0,0,0,0,1273,273,0,120,131,119,101,392,1000,0,0,
30,50,0,0,20,0,0,0,0,0,0,0,0,0,0,0,0,0,1273,273,0,124,138,120,103,393,1000,0,0,
26.4,51.4,0,0,21.8,0,0,0,0,0,0,0,0,0,0,0,0,0,973,273,0,122,137,111,96,384,700,0,0,
25.3,49.7,0,0,25,0,0,0,0,0,0,0,0,0,0,0,0,0,1323,273,0,117,126,116,100,389,1050,0,0,
25.3,49.7,0,0,25,0,0,0,0,0,0,0,0,0,0,0,0,0,1323,273,0,122,129,117,105,390,1050,0,0,
33.7,50.3,0,0,16,0,0,0,0,0,0,0,0,0,0,0,0,0,273,273,0,105,152,132,88,405,0,0,0,
30,50,0,0,20,0,0,0,0,0,0,0,0,0,0,0,0,0,1273,273,0,129,152,134,104,407,1000,0,0,
30,50,0,0,20,0,0,0,0,0,0,0,0,0,0,0,0,0,1273,273,0,133,158,140,105,413,1000,0,0,
30,50,0,0,20,0,0,0,0,0,0,0,0,0,0,0,0,0,1273,273,0,132,153,135,110,408,1000,0,0,
30,50,0,0,20,0,0,0,0,0,0,0,0,0,0,0,0,0,1273,273,0,129,142,135,118,408,1000,0,0,
30,50,0,0,20,0,0,0,0,0,0,0,0,0,0,0,0,0,1273,273,0,138,152,135,119,408,1000,0,0,
30,50,0,0,20,0,0,0,0,0,0,0,0,0,0,0,0,0,1273,273,0,142,154,137,126,410,1000,0,0,
30,50,0,0,20,0,0,0,0,0,0,0,0,0,0,0,0,0,1273,273,0,138,144,137,127,410,1000,0,0,
30,50,0,0,20,0,0,0,0,0,0,0,0,0,0,0,0,0,1273,273,0,136,142,135,130,408,1000,0,0,
30,50,0,0,20,0,0,0,0,0,0,0,0,0,0,0,0,0,1273,273,0,133,162,142,111,415,1000,0,0,
30,50,0,0,20,0,0,0,0,0,0,0,0,0,0,0,0,0,1273,273,0,144,161,141,123,414,1000,0,0,
30,50,0,0,20,0,0,0,0,0,0,0,0,0,0,0,0,0,1273,273,0,147,164,146,128,419,1000,0,0,
30,50,0,0,20,0,0,0,0,0,0,0,0,0,0,0,0,0,1273,273,0,170,151,151,128,424,1000,0,0,
21.8,51.2,0,0,27,0,0,0,0,0,0,0,0,0,0,0,0,0,773,273,0,139,183,150,108,423,500,0,0,
25,50,0,0,25,0,0,0,0,0,0,0,0,0,0,0,0,0,1223,723,60,141,179,149,112,422,950,450,1,
24.5,50.5,0,0,25,0,0,0,0,0,0,0,0,0,0,0,0,0,1323,273,0,147,168,147,118,420,1050,0,0,
25,50,0,0,25,0,0,0,0,0,0,0,0,0,0,0,0,0,1223,1173,60,151,167,143,119,416,950,900,1,
29,50,0,0,21,0,0,0,0,0,0,0,0,0,0,0,0,0,1223,273,0,154,167,152,133,425,950,0,0,
25,50,0,0,25,0,0,0,0,0,0,0,0,0,0,0,0,0,1223,773,60,160,179,158,139,431,950,500,1,
25,50,0,0,25,0,0,0,0,0,0,0,0,0,0,0,0,0,1223,773,60,163,178,159,141,432,950,500,1,
25,50,0,0,25,0,0,0,0,0,0,0,0,0,0,0,0,0,1223,1173,60,157,171,158,142,431,950,900,1,
24.5,50.5,0,0,25,0,0,0,0,0,0,0,0,0,0,0,0,0,1323,273,0,171,183,159,149,432,1050,0,0,
25,50,0,0,25,0,0,0,0,0,0,0,0,0,0,0,0,0,273,273,0,168,178,171,15,444,0,0,0,
21.8,51.2,0,0,27,0,0,0,0,0,0,0,0,0,0,0,0,0,773,273,0,141,189,169,116,442,500,0,0,
21.8,51.2,0,0,27,0,0,0,0,0,0,0,0,0,0,0,0,0,773,273,0,151,196,178,124,451,500,0,0,
21.8,51.2,0,0,27,0,0,0,0,0,0,0,0,0,0,0,0,0,773,273,0,159,207,189,131,462,500,0,0,
25,50,0,0,25,0,0,0,0,0,0,0,0,0,0,0,0,0,1223,873,60,153,188,172,134,445,950,600,1,
24.5,50.5,0,0,25,0,0,0,0,0,0,0,0,0,0,0,0,0,1323,273,0,169,185,162,147,435,1050,0,0,
24.5,50.5,0,0,25,0,0,0,0,0,0,0,0,0,0,0,0,0,1323,273,0,171,189,165,147,438,1050,0,0,
24.5,50.5,0,0,25,0,0,0,0,0,0,0,0,0,0,0,0,0,1323,273,0,173,188,165,149,438,1050,0,0,
24.5,50.5,0,0,25,0,0,0,0,0,0,0,0,0,0,0,0,0,1323,273,0,169,191,170,143,443,1050,0,0,
24.5,50.5,0,0,25,0,0,0,0,0,0,0,0,0,0,0,0,0,1323,273,0,175,204,180,147,453,1050,0,0,
25,50,0,0,25,0,0,0,0,0,0,0,0,0,0,0,0,0,1223,973,60,188,197,173,150,446,950,700,1,
25,50,0,0,25,0,0,0,0,0,0,0,0,0,0,0,0,0,1323,273,0,169,176,169,157,442,1050,0,0,
25,50,0,0,25,0,0,0,0,0,0,0,0,0,0,0,0,0,1223,1173,60,186,196,170,156,443,950,900,1,
25,50,0,0,25,0,0,0,0,0,0,0,0,0,0,0,0,0,1223,823,60,173,193,178,154,451,950,550,1,
21.8,51.2,0,0,27,0,0,0,0,0,0,0,0,0,0,0,0,0,873,273,0,186,200,176,157,449,600,0,0,
25.1,50,0,0,24.9,0,0,0,0,0,0,0,0,0,0,0,0,0,773,273,0,186,207,183,157,456,500,0,0,
25,50,0,0,25,0,0,0,0,0,0,0,0,0,0,0,0,0,1223,1173,60,178,194,182,160,455,950,900,1,
25,50,0,0,25,0,0,0,0,0,0,0,0,0,0,0,0,0,1223,923,60,176,191,178,161,451,950,650,1,
25,50,0,0,25,0,0,0,0,0,0,0,0,0,0,0,0,0,1223,873,60,179,193,175,162,448,950,600,1,
25,50,0,0,25,0,0,0,0,0,0,0,0,0,0,0,0,0,1223,973,60,169,184,167,162,440,950,700,1,
25,50,0,0,25,0,0,0,0,0,0,0,0,0,0,0,0,0,1223,1173,60,198,218,183,164,456,950,900,1,
25,50,0,0,25,0,0,0,0,0,0,0,0,0,0,0,0,0,1223,873,60,204,210,176,165,449,950,600,1,
25,50,0,0,25,0,0,0,0,0,0,0,0,0,0,0,0,0,1223,973,60,179,194,181,165,454,950,700,1,
20.5,49.5,0,0,30,0,0,0,0,0,0,0,0,0,0,0,0,0,1273,273,0,183,197,183,163,456,1000,0,0,
20.5,49.5,0,0,30,0,0,0,0,0,0,0,0,0,0,0,0,0,1273,673,60,182,201,188,164,461,1000,400,1,
21.8,51.2,0,0,27,0,0,0,0,0,0,0,0,0,0,0,0,0,873,273,0,188,210,188,165,461,600,0,0,
24.5,50.5,0,0,25,0,0,0,0,0,0,0,0,0,0,0,0,0,1323,273,0,190,197,180,166,453,1050,0,0,
24.5,50.5,0,0,25,0,0,0,0,0,0,0,0,0,0,0,0,0,1323,273,0,184,195,179,167,452,1050,0,0,
24.5,50.5,0,0,25,0,0,0,0,0,0,0,0,0,0,0,0,0,1323,273,0,187,224,192,166,465,1050,0,0,
24.5,50.5,0,0,25,0,0,0,0,0,0,0,0,0,0,0,0,0,1323,273,0,194,212,191,168,464,1050,0,0,
24.5,50.5,0,0,25,0,0,0,0,0,0,0,0,0,0,0,0,0,1323,273,0,193,215,188,168,461,1050,0,0,
20.5,49.5,0,0,30,0,0,0,0,0,0,0,0,0,0,0,0,0,1273,773,60,186,199,183,169,456,1000,500,1,
21.8,51.2,0,0,27,0,0,0,0,0,0,0,0,0,0,0,0,0,973,273,0,193,206,188,169,461,700,0,0,
21.8,51.2,0,0,27,0,0,0,0,0,0,0,0,0,0,0,0,0,973,273,0,198,210,191,170,464,700,0,0,
21.8,51.2,0,0,27,0,0,0,0,0,0,0,0,0,0,0,0,0,973,273,0,199,208,190,173,463,700,0,0,
21.8,51.2,0,0,27,0,0,0,0,0,0,0,0,0,0,0,0,0,873,273,0,192,222,197,170,470,600,0,0,
24.5,50.5,0,0,25,0,0,0,0,0,0,0,0,0,0,0,0,0,1323,273,0,196,211,194,170,467,1050,0,0,
24.5,50.5,0,0,25,0,0,0,0,0,0,0,0,0,0,0,0,0,1323,273,0,189,206,185,172,458,1050,0,0,
24.5,50.5,0,0,25,0,0,0,0,0,0,0,0,0,0,0,0,0,1323,273,0,190,207,189,172,462,1050,0,0,
24.5,50.5,0,0,25,0,0,0,0,0,0,0,0,0,0,0,0,0,1323,273,0,185,203,190,172,463,1050,0,0,
24.5,50.5,0,0,25,0,0,0,0,0,0,0,0,0,0,0,0,0,1223,873,60,217,234,192,172,465,950,600,1,
24.5,50.5,0,0,25,0,0,0,0,0,0,0,0,0,0,0,0,0,1323,273,0,191,211,192,174,465,1050,0,0,
24.5,50.5,0,0,25,0,0,0,0,0,0,0,0,0,0,0,0,0,1323,273,0,188,207,191,174,464,1050,0,0,
24.5,50.5,0,0,25,0,0,0,0,0,0,0,0,0,0,0,0,0,1323,273,0,193,196,179,175,452,1050,0,0,
24.5,50.5,0,0,25,0,0,0,0,0,0,0,0,0,0,0,0,0,1323,273,0,196,202,181,175,454,1050,0,0,
24.5,50.5,0,0,25,0,0,0,0,0,0,0,0,0,0,0,0,0,1323,273,0,197,204,182,176,455,1050,0,0,
24.5,50.5,0,0,25,0,0,0,0,0,0,0,0,0,0,0,0,0,1323,273,0,222,202,194,177,467,1050,0,0,
24.5,50.5,0,0,25,0,0,0,0,0,0,0,0,0,0,0,0,0,1323,273,0,203,213,190,177,463,1050,0,0,
24.5,50.5,0,0,25,0,0,0,0,0,0,0,0,0,0,0,0,0,1323,273,0,193,201,191,179,464,1050,0,0,
24.5,50.5,0,0,25,0,0,0,0,0,0,0,0,0,0,0,0,0,1323,273,0,208,226,199,179,472,1050,0,0,
24.7,50.3,0,0,25,0,0,0,0,0,0,0,0,0,0,0,0,0,1323,273,0,193,203,194,180,467,1050,0,0,
24.7,50.3,0,0,25,0,0,0,0,0,0,0,0,0,0,0,0,0,1323,273,0,193,201,192,181,465,1050,0,0,
24.7,50.3,0,0,25,0,0,0,0,0,0,0,0,0,0,0,0,0,1323,273,0,193,202,193,181,466,1050,0,0,
24.7,50.3,0,0,25,0,0,0,0,0,0,0,0,0,0,0,0,0,1323,273,0,192,198,192,182,465,1050,0,0,
24.7,50.3,0,0,25,0,0,0,0,0,0,0,0,0,0,0,0,0,1323,273,0,193,201,193,182,466,1050,0,0,
24.7,50.3,0,0,25,0,0,0,0,0,0,0,0,0,0,0,0,0,1323,273,0,192,202,194,182,467,1050,0,0,
24.7,50.3,0,0,25,0,0,0,0,0,0,0,0,0,0,0,0,0,1323,273,0,192,200,193,183,466,1050,0,0,
24.7,50.3,0,0,25,0,0,0,0,0,0,0,0,0,0,0,0,0,1323,273,0,192,199,192,184,465,1050,0,0,
20.5,49.5,0,0,30,0,0,0,0,0,0,0,0,0,0,0,0,0,1273,1073,60,191,202,187,182,460,1000,800,1,
20.5,49.5,0,0,30,0,0,0,0,0,0,0,0,0,0,0,0,0,1273,873,60,188,199,183,177,456,1000,600,1,
21.8,51.2,0,0,27,0,0,0,0,0,0,0,0,0,0,0,0,0,773,273,0,164,218,205,141,478,500,0,0,
21.8,51.2,0,0,27,0,0,0,0,0,0,0,0,0,0,0,0,0,273,273,0,201,217,200,179,473,0,0,0,
19,51,0,0,30,0,0,0,0,0,0,0,0,0,0,0,0,0,1273,673,60,195,218,202,165,475,1000,400,1,
20,50,0,0,30,0,0,0,0,0,0,0,0,0,0,0,0,0,1273,573,60,315,465,219,180,492,1000,300,1,
19,51,0,0,30,0,0,0,0,0,0,0,0,0,0,0,0,0,1273,673,60,208,236,216,175,489,1000,400,1,
19,51,0,0,30,0,0,0,0,0,0,0,0,0,0,0,0,0,1273,673,60,198,235,215,170,488,1000,400,1,
19.8,50.2,0,0,30,0,0,0,0,0,0,0,0,0,0,0,0,0,1273,1273,60,198,236,214,170,487,1000,1000,1,
19,51,0,0,30,0,0,0,0,0,0,0,0,0,0,0,0,0,1273,673,60,192,228,211,171,484,1000,400,1,
21.8,51.2,0,0,27,0,0,0,0,0,0,0,0,0,0,0,0,0,873,273,0,193,236,210,174,483,600,0,0,
22.9,50,0,0,27.1,0,0,0,0,0,0,0,0,0,0,0,0,0,873,273,0,203,231,201,178,474,600,0,0,
19,51,0,0,30,0,0,0,0,0,0,0,0,0,0,0,0,0,1273,273,0,195,218,202,165,475,1000,0,0,
25,50,0,0,25,0,0,0,0,0,0,0,0,0,0,0,0,0,1223,973,60,209,240,201,166,474,950,700,1,
24.5,50.5,0,0,25,0,0,0,0,0,0,0,0,0,0,0,0,0,1323,273,0,189,228,202,166,475,1050,0,0,
25,50,0,0,25,0,0,0,0,0,0,0,0,0,0,0,0,0,1223,1173,60,211,241,203,170,476,950,900,1,
24.5,50.5,0,0,25,0,0,0,0,0,0,0,0,0,0,0,0,0,1323,273,0,192,228,205,167,478,1050,0,0,
24.5,50.5,0,0,25,0,0,0,0,0,0,0,0,0,0,0,0,0,1323,273,0,199,229,205,169,478,1050,0,0,
24.5,50.5,0,0,25,0,0,0,0,0,0,0,0,0,0,0,0,0,1323,273,0,202,233,206,170,479,1050,0,0,
24.5,50.5,0,0,25,0,0,0,0,0,0,0,0,0,0,0,0,0,1323,273,0,191,232,207,166,480,1050,0,0,
24.5,50.5,0,0,25,0,0,0,0,0,0,0,0,0,0,0,0,0,1323,273,0,192,231,208,168,481,1050,0,0,
24.5,50.5,0,0,25,0,0,0,0,0,0,0,0,0,0,0,0,0,1323,273,0,190,232,209,167,482,1050,0,0,
24.5,50.5,0,0,25,0,0,0,0,0,0,0,0,0,0,0,0,0,1323,273,0,191,232,209,168,482,1050,0,0,
24.5,50.5,0,0,25,0,0,0,0,0,0,0,0,0,0,0,0,0,1323,273,0,192,234,210,168,483,1050,0,0,
24.5,50.5,0,0,25,0,0,0,0,0,0,0,0,0,0,0,0,0,1323,273,0,191,233,210,169,483,1050,0,0,
24.5,50.5,0,0,25,0,0,0,0,0,0,0,0,0,0,0,0,0,1323,273,0,196,228,208,171,481,1050,0,0,
25,50,0,0,25,0,0,0,0,0,0,0,0,0,0,0,0,0,1223,873,60,231,265,206,180,479,950,600,1,
24.5,50.5,0,0,25,0,0,0,0,0,0,0,0,0,0,0,0,0,1323,273,0,212,234,207,182,480,1050,0,0,
24.5,50.5,0,0,25,0,0,0,0,0,0,0,0,0,0,0,0,0,273,273,0,212,239,211,183,484,0,0,0,
24.5,50.5,0,0,25,0,0,0,0,0,0,0,0,0,0,0,0,0,273,273,0,219,245,215,183,488,0,0,0,
25,50,0,0,25,0,0,0,0,0,0,0,0,0,0,0,0,0,1223,1173,60,223,264,217,182,490,950,900,1,
21.8,51.2,0,0,27,0,0,0,0,0,0,0,0,0,0,0,0,0,273,273,0,211,236,216,191,489,0,0,0,
22,49.5,0,0,28.5,0,0,0,0,0,0,0,0,0,0,0,0,0,973,273,0,226,231,209,205,482,700,0,0,
22,49.5,0,0,28.5,0,0,0,0,0,0,0,0,0,0,0,0,0,273,273,0,230,239,213,208,486,0,0,0,
22,49.5,0,0,28.5,0,0,0,0,0,0,0,0,0,0,0,0,0,273,273,0,231,238,214,207,487,0,0,0,
20,50,0,0,30,0,0,0,0,0,0,0,0,0,0,0,0,0,1273,1173,60,221,233,216,209,489,1000,900,1,
20,50,0,0,30,0,0,0,0,0,0,0,0,0,0,0,0,0,1273,1173,60,227,233,217,210,490,1000,900,1,
20,50,0,0,30,0,0,0,0,0,0,0,0,0,0,0,0,0,1273,1173,60,227,236,220,208,493,1000,900,1,
20,50,0,0,30,0,0,0,0,0,0,0,0,0,0,0,0,0,1273,273,0,280,460,222,170,495,1000,0,0,
20,50,0,0,30,0,0,0,0,0,0,0,0,0,0,0,0,0,1273,273,0,224,239,223,201,496,1000,0,0,
20,50,0,0,30,0,0,0,0,0,0,0,0,0,0,0,0,0,1273,773,60,232,253,224,193,497,1000,500,1,
20,50,0,0,30,0,0,0,0,0,0,0,0,0,0,0,0,0,1273,673,60,217,251,225,185,498,1000,400,1,
21.8,51.2,0,0,27,0,0,0,0,0,0,0,0,0,0,0,0,0,873,273,0,200,252,225,178,498,600,0,0,
25,50,0,0,25,0,0,0,0,0,0,0,0,0,0,0,0,0,1223,873,60,238,281,225,191,498,950,600,1,
20,50,0,0,30,0,0,0,0,0,0,0,0,0,0,0,0,0,1273,673,60,215,260,226,176,499,1000,400,1,
22,49.5,0,0,28.5,0,0,0,0,0,0,0,0,0,0,0,0,0,973,273,0,239,255,228,215,501,700,0,0,
22,49.5,0,0,28.5,0,0,0,0,0,0,0,0,0,0,0,0,0,973,273,0,240,253,229,212,502,700,0,0,
21.8,51.2,0,0,27,0,0,0,0,0,0,0,0,0,0,0,0,0,973,273,0,217,254,229,194,502,700,0,0,
19.4,50.6,0,0,30,0,0,0,0,0,0,0,0,0,0,0,0,0,1273,273,0,218,248,230,189,503,1000,0,0,
25,50,0,0,25,0,0,0,0,0,0,0,0,0,0,0,0,0,1223,973,60,235,281,230,187,503,950,700,1,
19.4,50.6,0,0,30,0,0,0,0,0,0,0,0,0,0,0,0,0,1273,1273,60,219,249,231,190,504,1000,1000,1,
19.4,50.6,0,0,30,0,0,0,0,0,0,0,0,0,0,0,0,0,1273,1173,60,232,257,231,206,504,1000,900,1,
19,51,0,0,30,0,0,0,0,0,0,0,0,0,0,0,0,0,1273,873,60,235,260,233,208,506,1000,600,1,
25,50,0,0,25,0,0,0,0,0,0,0,0,0,0,0,0,0,1223,1173,60,220,294,232,190,505,950,900,1,
19.5,50.5,0,0,30,0,0,0,0,0,0,0,0,0,0,0,0,0,1323,673,4.98,235,245,234,223,507,1050,400,0.083,
20,50,0,0,30,0,0,0,0,0,0,0,0,0,0,0,0,0,1273,273,0,308,448,237,193,510,1000,0,0,
19.4,50.6,0,0,30,0,0,0,0,0,0,0,0,0,0,0,0,0,1273,673,60,232,249,237,215,510,1000,400,1,
19.4,50.6,0,0,30,0,0,0,0,0,0,0,0,0,0,0,0,0,1273,773,60,231,248,237,216,510,1000,500,1,
19.4,50.6,0,0,30,0,0,0,0,0,0,0,0,0,0,0,0,0,1273,1273,60,237,253,238,218,511,1000,1000,1,
19.5,50.5,0,0,30,0,0,0,0,0,0,0,0,0,0,0,0,0,1323,673,4.98,244,250,240,229,513,1050,400,0.083,
19.5,50.5,0,0,30,0,0,0,0,0,0,0,0,0,0,0,0,0,1323,673,4.98,244,251,240,228,513,1050,400,0.083,
22,49.5,0,0,28.5,0,0,0,0,0,0,0,0,0,0,0,0,0,973,273,0,243,268,238,216,511,700,0,0,
25,50,0,0,25,0,0,0,0,0,0,0,0,0,0,0,0,0,1223,973,60,235,305,239,205,512,950,700,1,
25,50,0,0,25,0,0,0,0,0,0,0,0,0,0,0,0,0,1223,973,60,217,264,241,179,514,950,700,1,
25,50,0,0,25,0,0,0,0,0,0,0,0,0,0,0,0,0,1223,1173,60,206,287,245,182,518,950,900,1,
25,50,0,0,25,0,0,0,0,0,0,0,0,0,0,0,0,0,1223,973,60,222,293,241,187,514,950,700,1,
25,50,0,0,25,0,0,0,0,0,0,0,0,0,0,0,0,0,1223,973,60,226,297,241,188,514,950,700,1,
25,50,0,0,25,0,0,0,0,0,0,0,0,0,0,0,0,0,1223,973,60,228,300,243,195,516,950,700,1,
25,50,0,0,25,0,0,0,0,0,0,0,0,0,0,0,0,0,1223,973,60,233,302,242,198,515,950,700,1,
25,50,0,0,25,0,0,0,0,0,0,0,0,0,0,0,0,0,1223,973,60,244,304,245,198,518,950,700,1,
25,50,0,0,25,0,0,0,0,0,0,0,0,0,0,0,0,0,1223,873,60,231,301,244,206,517,950,600,1,
20,50,0,0,30,0,0,0,0,0,0,0,0,0,0,0,0,0,1273,1273,1440,230,241,241,208,514,1000,1000,24,
20,50,0,0,30,0,0,0,0,0,0,0,0,0,0,0,0,0,1273,1073,60,253,269,242,215,515,1000,800,1,
20,50,0,0,30,0,0,0,0,0,0,0,0,0,0,0,0,0,1273,1073,60,244,265,245,216,518,1000,800,1,
19.4,50.6,0,0,30,0,0,0,0,0,0,0,0,0,0,0,0,0,1273,873,60,244,256,242,227,515,1000,600,1,
19.4,50.6,0,0,30,0,0,0,0,0,0,0,0,0,0,0,0,0,1273,273,0,243,257,245,226,518,1000,0,0,
19.5,50.5,0,0,30,0,0,0,0,0,0,0,0,0,0,0,0,0,1323,673,4.98,250,259,244,233,517,1050,400,0.083,
19.5,50.5,0,0,30,0,0,0,0,0,0,0,0,0,0,0,0,0,1323,673,60,252,260,244,234,517,1050,400,1,
19.5,50.5,0,0,30,0,0,0,0,0,0,0,0,0,0,0,0,0,1323,673,4.98,251,263,245,234,518,1050,400,0.083,
19.5,50.5,0,0,30,0,0,0,0,0,0,0,0,0,0,0,0,0,1323,473,60,258,267,247,240,520,1050,200,1,
19.4,50.6,0,0,30,0,0,0,0,0,0,0,0,0,0,0,0,0,1273,1073,60,248,258,246,236,519,1000,800,1,
19.4,50.6,0,0,30,0,0,0,0,0,0,0,0,0,0,0,0,0,1273,573,60,240,258,246,224,519,1000,300,1,
19,51,0,0,30,0,0,0,0,0,0,0,0,0,0,0,0,0,1273,1273,60,236,262,246,209,519,1000,1000,1,
21.8,51.2,0,0,27,0,0,0,0,0,0,0,0,0,0,0,0,0,973,273,0,228,273,246,195,519,700,0,0,
22,49.5,0,0,28.5,0,0,0,0,0,0,0,0,0,0,0,0,0,973,273,0,247,287,250,223,523,700,0,0,
19.5,50.5,0,0,30,0,0,0,0,0,0,0,0,0,0,0,0,0,1323,673,4.98,262,278,251,240,524,1050,400,0.083,
19.6,50.4,0,0,30,0,0,0,0,0,0,0,0,0,0,0,0,0,1273,273,0,249,264,251,229,524,1000,0,0,
19.4,50.6,0,0,30,0,0,0,0,0,0,0,0,0,0,0,0,0,1273,1273,60,254,274,253,229,526,1000,1000,1,
19.4,50.6,0,0,30,0,0,0,0,0,0,0,0,0,0,0,0,0,1273,1273,60,259,280,255,230,528,1000,1000,1,
19,51,0,0,30,0,0,0,0,0,0,0,0,0,0,0,0,0,1273,273,0,219,262,252,211,525,1000,0,0,
19,51,0,0,30,0,0,0,0,0,0,0,0,0,0,0,0,0,1273,1273,300,239,303,255,209,528,1000,1000,5,
19,51,0,0,30,0,0,0,0,0,0,0,0,0,0,0,0,0,1273,273,0,212,284,252,191,525,1000,0,0,
25,50,0,0,25,0,0,0,0,0,0,0,0,0,0,0,0,0,1223,873,60,225,322,252,196,525,950,600,1,
19,51,0,0,30,0,0,0,0,0,0,0,0,0,0,0,0,0,1273,273,0,215,270,255,196,528,1000,0,0,
19,51,0,0,30,0,0,0,0,0,0,0,0,0,0,0,0,0,1273,673,60,205,284,257,176,530,1000,400,1,
19,51,0,0,30,0,0,0,0,0,0,0,0,0,0,0,0,0,1273,273,0,221,267,256,205,529,1000,0,0,
19,51,0,0,30,0,0,0,0,0,0,0,0,0,0,0,0,0,1273,273,0,222,267,256,206,529,1000,0,0,
19,51,0,0,30,0,0,0,0,0,0,0,0,0,0,0,0,0,1273,1273,300,224,270,256,208,529,1000,1000,5,
19,51,0,0,30,0,0,0,0,0,0,0,0,0,0,0,0,0,1273,1273,300,239,285,257,206,530,1000,1000,5,
19,51,0,0,30,0,0,0,0,0,0,0,0,0,0,0,0,0,1273,873,60,229,279,257,203,530,1000,600,1,
19,51,0,0,30,0,0,0,0,0,0,0,0,0,0,0,0,0,1273,273,0,231,261,260,207,533,1000,0,0,
19.4,50.6,0,0,30,0,0,0,0,0,0,0,0,0,0,0,0,0,1273,273,0,260,281,258,229,531,1000,0,0,
19.4,50.6,0,0,30,0,0,0,0,0,0,0,0,0,0,0,0,0,1273,1273,60,265,281,257,230,530,1000,1000,1,
19.8,50.2,0,0,30,0,0,0,0,0,0,0,0,0,0,0,0,0,1273,273,0,252,270,256,231,529,1000,0,0,
19.4,50.6,0,0,30,0,0,0,0,0,0,0,0,0,0,0,0,0,1273,1273,60,262,282,257,234,530,1000,1000,1,
19.5,50.5,0,0,30,0,0,0,0,0,0,0,0,0,0,0,0,0,1323,673,4.98,261,289,260,239,533,1050,400,0.083,
19,51,0,0,30,0,0,0,0,0,0,0,0,0,0,0,0,0,1273,273,0,223,269,265,202,538,1000,0,0,
19,51,0,0,30,0,0,0,0,0,0,0,0,0,0,0,0,0,1273,273,0,227,274,262,206,535,1000,0,0,
22,29.5,0,0,28.5,0,0,0,0,0,0,0,0,0,0,0,0,0,973,273,0,261,299,262,232,535,700,0,0,
19.5,50.5,0,0,30,0,0,0,0,0,0,0,0,0,0,0,0,0,1323,673,4.98,263,301,265,237,538,1050,400,0.083,
19.5,50.5,0,0,30,0,0,0,0,0,0,0,0,0,0,0,0,0,1323,673,4.98,262,293,263,239,536,1050,400,0.083,
20,50,0,0,30,0,0,0,0,0,0,0,0,0,0,0,0,0,1223,273,0,262,274,261,242,534,950,0,0,
19.5,50.5,0,0,30,0,0,0,0,0,0,0,0,0,0,0,0,0,1323,473,60,263,284,266,246,539,1050,200,1,
19.5,50.5,0,0,30,0,0,0,0,0,0,0,0,0,0,0,0,0,273,273,0,284,298,269,254,542,0,0,0,
19.5,50.5,0,0,30,0,0,0,0,0,0,0,0,0,0,0,0,0,273,273,0,275,300,277,253,550,0,0,0,
19.5,50.5,0,0,30,0,0,0,0,0,0,0,0,0,0,0,0,0,273,273,0,277,308,277,249,550,0,0,0,
19.5,50.5,0,0,30,0,0,0,0,0,0,0,0,0,0,0,0,0,273,273,0,274,445,273,238,546,0,0,0,
19.5,50.5,0,0,30,0,0,0,0,0,0,0,0,0,0,0,0,0,1323,673,4.98,266,301,273,235,546,1050,400,0.083,
19.5,50.5,0,0,30,0,0,0,0,0,0,0,0,0,0,0,0,0,1323,673,4.98,268,303,271,235,544,1050,400,0.083,
19.5,50.5,0,0,30,0,0,0,0,0,0,0,0,0,0,0,0,0,273,273,0,276,448,277,237,550,0,0,0,
19.5,50.5,0,0,30,0,0,0,0,0,0,0,0,0,0,0,0,0,1323,673,4.98,267,326,277,234,550,1050,400,0.083,
19.5,50.5,0,0,30,0,0,0,0,0,0,0,0,0,0,0,0,0,1323,673,4.98,275,322,280,242,553,1050,400,0.083,
19.5,50.5,0,0,30,0,0,0,0,0,0,0,0,0,0,0,0,0,1323,673,4.98,257,326,281,237,554,1050,400,0.083,
19.5,50.5,0,0,30,0,0,0,0,0,0,0,0,0,0,0,0,0,1323,673,4.98,259,326,282,237,555,1050,400,0.083,
19.5,50.5,0,0,30,0,0,0,0,0,0,0,0,0,0,0,0,0,273,273,0,278,443,282,240,555,0,0,0,
19.5,50.5,0,0,30,0,0,0,0,0,0,0,0,0,0,0,0,0,1323,673,4.98,276,323,284,244,557,1050,400,0.083,
19.5,50.5,0,0,30,0,0,0,0,0,0,0,0,0,0,0,0,0,1323,673,4.98,280,322,288,245,561,1050,400,0.083,
19.5,50.5,0,0,30,0,0,0,0,0,0,0,0,0,0,0,0,0,1323,473,60,276,307,283,256,556,1050,200,1,
19.5,50.5,0,0,30,0,0,0,0,0,0,0,0,0,0,0,0,0,273,273,0,276,442,294,257,567,0,0,0,
19.5,50.5,0,0,30,0,0,0,0,0,0,0,0,0,0,0,0,0,1323,473,60,288,320,297,266,570,1050,200,1,
19.5,50.5,0,0,30,0,0,0,0,0,0,0,0,0,0,0,0,0,273,273,0,277,448,321,250,594,0,0,0,
15,50,0,0,35,0,0,0,0,0,0,0,0,0,0,0,0,0,1273,273,0,378,474,331,269,604,1000,0,0,
15,50,0,0,35,0,0,0,0,0,0,0,0,0,0,0,0,0,1173,273,0,336,351,318,302,591,900,0,0,
13,51,0,0,36,0,0,0,0,0,0,0,0,0,0,0,0,0,1223,1023,60,348,369,329,316,602,950,750,1,
28.5,50.5,0,0,21,0,0,0,0,0,0,0,0,0,0,0,0,0,1323,273,0,349,372,357,328,630,1050,0,0,
28.5,50.5,0,0,21,0,0,0,0,0,0,0,0,0,0,0,0,0,1323,273,0,350,376,359,332,632,1050,0,0,
10,50,0,0,40,0,0,0,0,0,0,0,0,0,0,0,0,0,1273,273,0,392,411,388,360,661,1000,0,0,
10,50,0,0,40,0,0,0,0,0,0,0,0,0,0,0,0,0,1273,273,0,449,511,383,379,656,1000,0,0,
10,50,0,0,40,0,0,0,0,0,0,0,0,0,0,0,0,0,1173,273,0,414,434,399,372,672,900,0,0,
10,50,0,0,40,0,0,0,0,0,0,0,0,0,0,0,0,0,1273,273,0,406,442,408,379,681,1000,0,0,
10,50,0,0,40,0,0,0,0,0,0,0,0,0,0,0,0,0,1273,273,0,405,436,403,380,676,1000,0,0,
10,50,0,0,40,0,0,0,0,0,0,0,0,0,0,0,0,0,1273,273,0,397,432,398,379,671,1000,0,0,
5,50,0,0,45,0,0,0,0,0,0,0,0,0,0,0,0,0,1273,1273,1440,503,509,486,467,759,1000,1000,24,
5,50,0,0,45,0,0,0,0,0,0,0,0,0,0,0,0,0,1273,273,0,518,550,457,448,730,1000,0,0,
10,50,0,0,40,0,0,0,0,0,0,0,0,0,0,0,0,0,1273,273,0,411,440,401,387,674,1000,0,0,
10,50,0,0,40,0,0,0,0,0,0,0,0,0,0,0,0,0,1273,1273,1440,419,427,403,387,676,1000,1000,24,
10,50,0,0,40,0,0,0,0,0,0,0,0,0,0,0,0,0,1273,273,0,411,438,402,385,675,1000,0,0,
25,50,0,0,0,0,0,0,0,0,0,0,0,0,25,0,0,0,473,1073,4.98,98,131,115,84,388,200,800,0.083,
25,50,0,0,0,0,0,0,0,0,0,0,0,0,25,0,0,0,473,873,4.98,103,127,112,90,385,200,600,0.083,
25,50,0,0,0,0,0,0,0,0,0,0,0,0,25,0,0,0,473,973,4.98,102,126,111,87,384,200,700,0.083,
25,50,0,0,0,0,0,0,0,0,0,0,0,0,25,0,0,0,473,673,4.98,101,125,111,90,384,200,400,0.083,
25,50,0,0,0,0,0,0,0,0,0,0,0,0,25,0,0,0,473,773,4.98,100,114,103,87,376,200,500,0.083,
46,45,0,0,0,0,0,0,0,0,0,0,0,0,9,0,0,0,773,273,0,100,104,101,93,374,500,0,0,
45,46,0,0,0,0,0,0,0,0,0,0,0,0,9,0,0,0,773,273,0,103,106,102,97,375,500,0,0,
28,63,0,0,0,0,0,0,0,0,0,0,0,0,9,0,0,0,773,273,0,106,108,108,105,381,500,0,0,
43,48,0,0,0,0,0,0,0,0,0,0,0,0,9,0,0,0,773,273,0,106,109,107,104,380,500,0,0,
41,50,0,0,0,0,0,0,0,0,0,0,0,0,9,0,0,0,773,273,0,108,110,109,107,382,500,0,0,
25.2,51.4,0,0,0,0,0,0,0,0,0,0,0,0,23.4,0,0,0,773,273,0,86,115,107,76,380,500,0,0,
21.1,51.3,0,0,0,0,0,0,0,0,0,0,0,0,27.6,0,0,0,773,273,0,85,128,118,71,391,500,0,0,
25.2,51.4,0,0,0,0,0,0,0,0,0,0,0,0,23.4,0,0,0,873,273,0,91,111,103,80,376,600,0,0,
18,48.5,0,0,0,0,0,0,0,0,0,0,0,0,33.5,0,0,0,873,273,0,72,115,102,60,375,600,0,0,
35.9,48.6,0,0,0,0,0,0,0,0,0,0,0,0,15.5,0,0,0,873,273,0,93,118,104,79,377,600,0,0,
15.7,51.2,0,0,0,0,0,0,0,0,0,0,0,0,33.1,0,0,0,873,273,0,71,122,115,65,388,600,0,0,
36.8,51.6,0,0,0,0,0,0,0,0,0,0,0,0,11.6,0,0,0,873,273,0,95,123,108,84,381,600,0,0,
21.1,51.3,0,0,0,0,0,0,0,0,0,0,0,0,27.6,0,0,0,873,273,0,93,126,115,81,388,600,0,0,
35.9,48.6,0,0,0,0,0,0,0,0,0,0,0,0,15.5,0,0,0,873,273,0,101,131,118,85,391,600,0,0,
35.9,48.6,0,0,0,0,0,0,0,0,0,0,0,0,15.5,0,0,0,873,273,0,100,140,121,86,394,600,0,0,
25.2,51.4,0,0,0,0,0,0,0,0,0,0,0,0,23.4,0,0,0,873,273,0,105,142,131,91,404,600,0,0,
36.8,51.6,0,0,0,0,0,0,0,0,0,0,0,0,11.6,0,0,0,873,273,0,104,143,123,87,396,600,0,0,
21.1,51.3,0,0,0,0,0,0,0,0,0,0,0,0,27.6,0,0,0,873,273,0,97,146,131,83,404,600,0,0,
35.9,48.6,0,0,0,0,0,0,0,0,0,0,0,0,15.5,0,0,0,873,273,0,99,147,127,88,400,600,0,0,
47,35,0,0,0,0,0,0,0,0,15,0,0,0,3,0,0,0,1173,273,0,161,196,130,97,403,900,0,0,
48,36,0,0,0,0,0,0,0,0,0,0,0,0,1,15,0,0,773,273,0,189,218,149,126,422,500,0,0,
41,36,0,0,0,0,0,0,0,0,0,0,0,0,8,15,0,0,773,273,0,170,202,146,108,419,500,0,0,
44,36,0,0,0,0,0,0,0,0,0,0,0,0,5,15,0,0,773,273,0,157,198,149,110,422,500,0,0,
48,36,0,0,0,0,0,0,0,0,0,0,0,0,1,15,0,0,873,273,0,199,218,153,142,426,600,0,0,
41,36,0,0,0,0,0,0,0,0,0,0,0,0,8,15,0,0,873,273,0,190,202,147,125,420,600,0,0,
44,36,0,0,0,0,0,0,0,0,0,0,0,0,5,15,0,0,873,273,0,184,199,146,129,419,600,0,0,
48,36,0,0,0,0,0,0,0,0,0,0,0,0,1,15,0,0,973,273,0,199,218,154,145,427,700,0,0,
41,36,0,0,0,0,0,0,0,0,0,0,0,0,8,15,0,0,973,273,0,164,181,119,108,392,700,0,0,
48,36,0,0,0,0,0,0,0,0,0,0,0,0,1,15,0,0,1073,273,0,194,212,151,139,424,800,0,0,
47,35,0,0,0,0,0,0,0,0,0,0,0,0,3,15,0,0,1173,273,0,178,197,146,124,419,900,0,0,
47,35,0,0,0,0,0,0,0,0,0,0,0,0,3,15,0,0,1173,273,0,140,189,137,85,410,900,0,0,
47,35,0,0,0,0,0,0,0,0,0,0,0,0,3,15,0,0,1173,273,0,131,182,133,81,406,900,0,0,
47,35,0,0,0,0,0,0,0,0,0,0,0,0,3,15,0,0,1173,273,0,113,177,126,76,399,900,0,0,
47,35,0,0,0,0,0,0,0,0,0,0,0,0,3,15,0,0,1173,273,0,113,174,125,75,398,900,0,0,
43,35,0,0,0,0,0,0,0,0,0,0,0,0,7,15,0,0,1273,273,0,116,152,128,89,401,1000,0,0,
47,35,0,0,0,0,0,0,0,0,0,0,0,0,3,15,0,0,1273,273,0,120,158,129,89,402,1000,0,0,
47,35,0,0,0,0,0,0,0,0,0,0,0,0,3,15,0,0,1273,273,0,123,160,132,87,405,1000,0,0,
47,35,0,0,0,0,0,0,0,0,0,0,0,0,3,15,0,0,1273,273,0,117,165,128,103,401,1000,0,0,
46,36,0,0,0,0,0,0,0,0,0,0,0,0,3,15,0,0,1273,273,0,149,170,121,87,394,1000,0,0,
46,36,0,0,0,0,0,0,0,0,0,0,0,0,3,15,0,0,1273,273,0,154,174,124,90,397,1000,0,0,
46,36,0,0,0,0,0,0,0,0,0,0,0,0,3,15,0,0,1273,273,0,159,181,127,92,400,1000,0,0,
45,37,0,0,0,0,0,0,0,0,0,0,0,0,3,15,0,0,1273,273,0,159,191,135,127,408,1000,0,0,
46,36,0,0,0,0,0,0,0,0,0,0,0,0,3,15,0,0,1273,273,0,167,193,135,96,408,1000,0,0,
44,36,0,0,0,0,0,0,0,0,0,0,0,0,5,15,0,0,1273,273,0,155,196,148,97,421,1000,0,0,
44,36,0,0,0,0,0,0,0,0,0,0,0,0,5,15,0,0,1273,273,0,159,205,148,100,421,1000,0,0,
46,36,0,0,0,0,0,0,0,0,0,0,0,0,3,15,0,0,1273,273,0,179,206,140,114,413,1000,0,0,
44,36,0,0,0,0,0,0,0,0,0,0,0,0,5,15,0,0,1273,273,0,166,222,158,114,431,1000,0,0,
44,36,0,0,0,0,0,0,0,0,0,0,0,0,5,15,0,0,1273,273,0,215,233,162,151,435,1000,0,0,
44,36,0,0,0,0,0,0,0,0,0,0,0,0,5,15,0,0,1273,273,0,218,238,163,124,436,1000,0,0,
40,40,0,0,0,0,0,0,0,0,0,0,0,0,10,10,0,0,1273,273,0,305,333,287,258,560,1000,0,0,
43,35,0,0,0,0,0,0,0,0,0,0,0,0,7,15,0,0,1273,273,0,438,473,407,382,680,1000,0,0,
45,37,0,0,0,0,0,0,0,0,0,0,0,0,3,15,0,0,1273,273,0,459,487,421,402,694,1000,0,0,
45.3,29.7,0,0,0,0,0,0,0,0,0,0,0,0,5,20,0,0,1323,273,0,193,277,187,150,460,1050,0,0,
45.3,29.7,0,0,0,0,0,0,0,0,0,0,0,0,5,20,0,0,1323,273,0,156,256,158,110,431,1050,0,0,
45.3,29.7,0,0,0,0,0,0,0,0,0,0,0,0,5,20,0,0,1323,273,0,189,245,179,142,452,1050,0,0,
45.3,29.7,0,0,0,0,0,0,0,0,0,0,0,0,5,20,0,0,1323,273,0,187,233,172,139,445,1050,0,0,
45.3,29.7,0,0,0,0,0,0,0,0,0,0,0,0,5,20,0,0,1323,273,0,147,220,138,108,411,1050,0,0,
45.3,29.7,0,0,0,0,0,0,0,0,0,0,0,0,5,20,0,0,1323,273,0,162,217,145,117,418,1050,0,0,
45.3,29.7,0,0,0,0,0,0,0,0,0,0,0,0,5,20,0,0,1323,273,0,187,209,161,144,434,1050,0,0,
45.3,29.7,0,0,0,0,0,0,0,0,0,0,0,0,5,20,0,0,1323,273,0,184,206,158,142,431,1050,0,0,
45.3,29.7,0,0,0,0,0,0,0,0,0,0,0,0,5,20,0,0,1323,273,0,153,203,131,101,404,1050,0,0,
45.3,29.7,0,0,0,0,0,0,0,0,0,0,0,0,5,20,0,0,1323,273,0,161,198,137,115,410,1050,0,0,
45.3,29.7,0,0,0,0,0,0,0,0,0,0,0,0,5,20,0,0,1323,273,0,181,195,147,137,420,1050,0,0,
45.3,29.7,0,0,0,0,0,0,0,0,0,0,0,0,5,20,0,0,1323,273,0,177,194,150,133,423,1050,0,0,
45.3,29.7,0,0,0,0,0,0,0,0,0,0,0,0,5,20,0,0,1323,273,0,172,193,153,129,426,1050,0,0,
45.3,29.7,0,0,0,0,0,0,0,0,0,0,0,0,5,20,0,0,1323,273,0,158,185,133,115,406,1050,0,0,
45.3,29.7,0,0,0,0,0,0,0,0,0,0,0,0,5,20,0,0,1323,273,0,151,184,124,99,397,1050,0,0,
45.3,29.7,0,0,0,0,0,0,0,0,0,0,0,0,5,20,0,0,1323,273,0,173,183,140,130,413,1050,0,0,
45.3,29.7,0,0,0,0,0,0,0,0,0,0,0,0,5,20,0,0,1323,273,0,174,182,142,131,415,1050,0,0,
45.3,29.7,0,0,0,0,0,0,0,0,0,0,0,0,5,20,0,0,1323,273,0,138,176,119,104,392,1050,0,0,
45.3,29.7,0,0,0,0,0,0,0,0,0,0,0,0,5,20,0,0,1323,273,0,166,172,138,133,411,1050,0,0,
45.3,29.7,0,0,0,0,0,0,0,0,0,0,0,0,5,20,0,0,1323,273,0,156,171,132,118,405,1050,0,0,
45.3,29.7,0,0,0,0,0,0,0,0,0,0,0,0,5,20,0,0,1323,273,0,146,168,119,97,392,1050,0,0,
45.3,29.7,0,0,0,0,0,0,0,0,0,0,0,0,5,20,0,0,1323,273,0,161,166,134,128,407,1050,0,0,
45.3,29.7,0,0,0,0,0,0,0,0,0,0,0,0,5,20,0,0,1323,273,0,159,163,135,121,408,1050,0,0,
45.3,29.7,0,0,0,0,0,0,0,0,0,0,0,0,5,20,0,0,1323,273,0,155,161,128,117,401,1050,0,0,
45.3,29.7,0,0,0,0,0,0,0,0,0,0,0,0,5,20,0,0,1323,273,0,150,158,123,109,396,1050,0,0,
45.3,29.7,0,0,0,0,0,0,0,0,0,0,0,0,5,20,0,0,1323,273,0,141,155,111,97,384,1050,0,0,
45.3,29.7,0,0,0,0,0,0,0,0,0,0,0,0,5,20,0,0,1323,273,0,130,153,111,97,384,1050,0,0,
45.3,29.7,0,0,0,0,0,0,0,0,0,0,0,0,5,20,0,0,1323,273,0,129,148,115,96,388,1050,0,0,
45.3,29.7,0,0,0,0,0,0,0,0,0,0,0,0,5,20,0,0,1323,273,0,132,143,115,102,388,1050,0,0,
45.3,29.7,0,0,0,0,0,0,0,0,0,0,0,0,5,20,0,0,1323,273,0,137,142,114,103,387,1050,0,0,
49.7,34.9,0,0,0,0,0,0,0,0,15.4,0,0,0,0,0,0,0,773,273,0,170,189,112,93,385,500,0,0,
49.7,34.9,0,0,0,0,0,0,0,0,15.4,0,0,0,0,0,0,0,773,273,0,175,190,117,96,390,500,0,0,
49.7,34.9,0,0,0,0,0,0,0,0,15.4,0,0,0,0,0,0,0,773,273,0,173,195,119,95,392,500,0,0,
49.7,34.9,0,0,0,0,0,0,0,0,15.4,0,0,0,0,0,0,0,773,273,0,179,214,132,99,405,500,0,0,
49.7,34.9,0,0,0,0,0,0,0,0,15.4,0,0,0,0,0,0,0,773,273,0,189,231,152,105,425,500,0,0,
49.7,34.9,0,0,0,0,0,0,0,0,15.4,0,0,0,0,0,0,0,773,273,0,189,242,173,108,446,500,0,0,
49.7,34.9,0,0,0,0,0,0,0,0,15.4,0,0,0,0,0,0,0,773,273,0,199,249,187,111,460,500,0,0,
49.7,34.9,0,0,0,0,0,0,0,0,15.4,0,0,0,0,0,0,0,873,273,0,150,191,109,109,382,600,0,0,
49.7,34.9,0,0,0,0,0,0,0,0,15.4,0,0,0,0,0,0,0,873,273,0,172,194,112,100,385,600,0,0,
49.7,34.9,0,0,0,0,0,0,0,0,15.4,0,0,0,0,0,0,0,873,273,0,164,207,125,95,398,600,0,0,
49.7,34.9,0,0,0,0,0,0,0,0,15.4,0,0,0,0,0,0,0,873,273,0,176,217,138,107,411,600,0,0,
49.7,34.9,0,0,0,0,0,0,0,0,15.4,0,0,0,0,0,0,0,973,273,0,165,189,108,103,381,700,0,0,
47.5,29.4,0,0,0,0,0,0,0,0,23.1,0,0,0,0,0,0,0,973,273,0,137,191,104,43,377,700,0,0,
47.5,29.4,0,0,0,0,0,0,0,0,23.1,0,0,0,0,0,0,0,973,273,0,158,192,105,72,378,700,0,0,
47.5,29.4,0,0,0,0,0,0,0,0,23.1,0,0,0,0,0,0,0,973,273,0,137,195,103,48,376,700,0,0,
47.5,29.4,0,0,0,0,0,0,0,0,23.1,0,0,0,0,0,0,0,973,273,0,159,200,110,84,383,700,0,0,
48.2,32.3,0,0,0,0,0,0,0,0,19.5,0,0,0,0,0,0,0,973,273,0,229,242,179,167,452,700,0,0,
49.5,30.8,0,0,0,0,0,0,0,0,19.7,0,0,0,0,0,0,0,973,273,0,201,260,177,131,450,700,0,0,
49.5,30.8,0,0,0,0,0,0,0,0,19.7,0,0,0,0,0,0,0,973,273,0,213,264,175,136,448,700,0,0,
49.5,30.8,0,0,0,0,0,0,0,0,19.7,0,0,0,0,0,0,0,973,273,0,205,267,182,134,455,700,0,0,
49.5,30.8,0,0,0,0,0,0,0,0,19.7,0,0,0,0,0,0,0,973,273,0,222,272,184,140,457,700,0,0,
49.5,30.8,0,0,0,0,0,0,0,0,19.7,0,0,0,0,0,0,0,973,273,0,236,289,200,145,473,700,0,0,
49.5,30.8,0,0,0,0,0,0,0,0,19.7,0,0,0,0,0,0,0,973,273,0,228,307,222,149,495,700,0,0,
50,32,0,0,0,0,0,0,0,0,18,0,0,0,0,0,0,0,1073,273,0,139,159,128,99,401,800,0,0,
50,40,0,0,0,0,0,0,0,0,10,0,0,0,0,0,0,0,1073,273,0,85,169,110,23,383,800,0,0,
50,40,0,0,0,0,0,0,0,0,10,0,0,0,0,0,0,0,1073,273,0,86,174,114,21,387,800,0,0,
49.5,38,0,0,0,0,0,0,0,0,12.5,0,0,0,0,0,0,0,1153,273,0,145,155,102,86,375,880,0,0,
48.5,39.5,0,0,0,0,0,0,0,0,12,0,0,0,0,0,0,0,1153,273,0,157,175,117,92,390,880,0,0,
43,41,0,0,0,0,0,0,0,0,16,0,0,0,0,0,0,0,1153,273,0,157,197,130,92,403,880,0,0,
49.5,36.25,0,0,0,0,0,0,0,0,14.25,0,0,0,0,0,0,0,1153,273,0,192,210,167,147,440,880,0,0,
49.5,35.5,0,0,0,0,0,0,0,0,15,0,0,0,0,0,0,0,1153,273,0,189,217,175,139,448,880,0,0,
48.5,36.5,0,0,0,0,0,0,0,0,15,0,0,0,0,0,0,0,1153,273,0,197,218,163,130,436,880,0,0,
49.5,35.5,0,0,0,0,0,0,0,0,15,0,0,0,0,0,0,0,1153,1153,60,190,230,150,127,423,880,880,1,
48.7,35.3,0,0,0,0,0,0,0,0,16,0,0,0,0,0,0,0,1173,273,0,187,223,164,138,437,900,0,0,
48.7,33.8,0,0,0,0,0,0,0,0,17.5,0,0,0,0,0,0,0,1173,273,0,218,230,180,162,453,900,0,0,
50,35,0,0,0,0,0,0,0,0,15,0,0,0,0,0,0,0,1173,273,0,195,238,201,125,474,900,0,0,
50,35,0,0,0,0,0,0,0,0,15,0,0,0,0,0,0,0,1173,273,0,165,243,183,88,456,900,0,0,
50,35,0,0,0,0,0,0,0,0,15,0,0,0,0,0,0,0,1173,273,0,180,250,190,167,463,900,0,0,
50,35,0,0,0,0,0,0,0,0,15,0,0,0,0,0,0,0,1173,273,0,201,251,201,122,474,900,0,0,
50,30,0,0,0,0,0,0,0,0,20,0,0,0,0,0,0,0,1173,273,0,303,320,265,255,538,900,0,0,
49.5,40.5,0,0,0,0,0,0,0,0,10,0,0,0,0,0,0,0,1223,273,0,166,132,107,75,380,950,0,0,
49.5,39.5,0,0,0,0,0,0,0,0,11,0,0,0,0,0,0,0,1223,273,0,179,139,122,91,395,950,0,0,
49.5,37.5,0,0,0,0,0,0,0,0,13,0,0,0,0,0,0,0,1223,273,0,205,172,157,119,430,950,0,0,
48.5,31.5,0,0,0,0,0,0,0,0,20,0,0,0,0,0,0,0,1223,873,6000,85,192,105,34,378,950,600,100,
49.5,35.5,0,0,0,0,0,0,0,0,15,0,0,0,0,0,0,0,1223,273,0,226,199,182,155,455,950,0,0,
47,38,0,0,0,0,0,0,0,0,15,0,0,0,0,0,0,0,1223,273,0,191,208,162,133,435,950,0,0,
49.5,35.5,0,0,0,0,0,0,0,0,15,0,0,0,0,0,0,0,1223,273,0,194,226,190,143,463,950,0,0,
48.5,36.5,0,0,0,0,0,0,0,0,15,0,0,0,0,0,0,0,1223,273,0,212,230,185,160,458,950,0,0,
49.5,35.5,0,0,0,0,0,0,0,0,15,0,0,0,0,0,0,0,1223,273,0,210,233,191,162,464,950,0,0,
48.5,31.5,0,0,0,0,0,0,0,0,20,0,0,0,0,0,0,0,1223,273,0,276,298,251,222,524,950,0,0,
48.5,31.5,0,0,0,0,0,0,0,0,20,0,0,0,0,0,0,0,1223,273,0,278,301,253,223,526,950,0,0,
48.5,31.5,0,0,0,0,0,0,0,0,20,0,0,0,0,0,0,0,1223,273,0,284,306,256,226,529,950,0,0,
48.5,31.5,0,0,0,0,0,0,0,0,20,0,0,0,0,0,0,0,1223,273,0,290,310,258,229,531,950,0,0,
48.5,31.5,0,0,0,0,0,0,0,0,20,0,0,0,0,0,0,0,1223,273,0,296,313,263,234,536,950,0,0,
49.5,30.5,0,0,0,0,0,0,0,0,20,0,0,0,0,0,0,0,1223,273,0,270,314,267,219,540,950,0,0,
48.5,31.5,0,0,0,0,0,0,0,0,20,0,0,0,0,0,0,0,1223,273,0,300,318,267,245,540,950,0,0,
48.5,31.5,0,0,0,0,0,0,0,0,20,0,0,0,0,0,0,0,1223,273,0,301,319,268,244,541,950,0,0,
48.5,31.5,0,0,0,0,0,0,0,0,20,0,0,0,0,0,0,0,1223,273,0,307,324,272,252,545,950,0,0,
48.5,31.5,0,0,0,0,0,0,0,0,20,0,0,0,0,0,0,0,1223,273,0,309,326,265,237,538,950,0,0,
49.5,30.5,0,0,0,0,0,0,0,0,20,0,0,0,0,0,0,0,1223,273,0,312,333,287,263,560,950,0,0,
48.5,26.5,0,0,0,0,0,0,0,0,25,0,0,0,0,0,0,0,1223,273,0,410,471,391,351,664,950,0,0,
48.4,44.9,0,0,0,0,0,0,0,0,6.7,0,0,0,0,0,0,0,1273,273,0,157,240,115,53,388,1000,0,0,
50.3,29.7,0,0,0,0,0,0,0,0,20,0,0,0,0,0,0,0,1323,273,0,151,163,119,110,392,1050,0,0,
50.3,32.2,0,0,0,0,0,0,0,0,17.5,0,0,0,0,0,0,0,1323,273,0,130,165,116,84,389,1050,0,0,
50.3,29.7,0,0,0,0,0,0,0,0,20,0,0,0,0,0,0,0,1323,273,0,159,168,132,116,405,1050,0,0,
50.3,29.7,0,0,0,0,0,0,0,0,20,0,0,0,0,0,0,0,1323,273,0,158,169,133,113,406,1050,0,0,
50.3,29.7,0,0,0,0,0,0,0,0,20,0,0,0,0,0,0,0,1323,273,0,162,170,134,119,407,1050,0,0,
50.3,29.7,0,0,0,0,0,0,0,0,20,0,0,0,0,0,0,0,1323,273,0,161,175,133,116,406,1050,0,0,
50.3,29.7,0,0,0,0,0,0,0,0,20,0,0,0,0,0,0,0,1323,273,0,155,176,111,88,384,1050,0,0,
50.3,29.7,0,0,0,0,0,0,0,0,20,0,0,0,0,0,0,0,1323,273,0,154,185,133,89,406,1050,0,0,
50.3,29.7,0,0,0,0,0,0,0,0,20,0,0,0,0,0,0,0,1323,1173,60,165,186,113,91,386,1050,900,1,
50.3,29.7,0,0,0,0,0,0,0,0,20,0,0,0,0,0,0,0,1323,273,0,152,192,135,88,408,1050,0,0,
50.3,29.7,0,0,0,0,0,0,0,0,20,0,0,0,0,0,0,0,1323,273,0,157,200,136,93,409,1050,0,0,
50.3,29.7,0,0,0,0,0,0,0,0,20,0,0,0,0,0,0,0,1323,273,0,165,205,143,98,416,1050,0,0,
47,35,0,0,0,0,0,0,0,0,15,0,0,0,3,0,0,0,1173,273,0,161,196,130,97,403,900,0,0,
48.5,30.5,0,0,0,0,0,0,0,1,20,0,0,0,0,0,0,0,1223,273,0,131,149,109,83,382,950,0,0,
48.5,30.5,0,0,0,0,0,0,0,1,20,0,0,0,0,0,0,0,1223,273,0,145,160,123,95,396,950,0,0,
48.5,30.5,0,0,0,0,0,0,0,1,20,0,0,0,0,0,0,0,1223,273,0,161,176,135,113,408,950,0,0,
48.5,30.5,0,0,0,0,0,0,0,1,20,0,0,0,0,0,0,0,1223,273,0,189,200,156,131,429,950,0,0,
48.5,30.5,0,0,0,0,0,0,0,1,20,0,0,0,0,0,0,0,1223,273,0,209,218,173,156,446,950,0,0,
48.5,30.5,0,0,0,0,0,0,0,1,20,0,0,0,0,0,0,0,1223,273,0,225,237,188,177,461,950,0,0,
48.5,30.5,0,0,0,0,0,0,0,1,20,0,0,0,0,0,0,0,1223,273,0,229,238,189,178,462,950,0,0,
48.5,30.5,0,0,0,0,0,0,0,1,20,0,0,0,0,0,0,0,1223,273,0,235,245,195,188,468,950,0,0,
48.5,30.5,0,0,0,0,0,0,0,1,20,0,0,0,0,0,0,0,1223,273,0,235,245,195,188,468,950,0,0,
48.5,30.5,0,0,0,0,0,0,0,1,20,0,0,0,0,0,0,0,1223,273,0,225,237,188,177,461,950,0,0,
48.5,30.5,0,0,0,0,0,0,0,1,20,0,0,0,0,0,0,0,1223,273,0,209,218,173,156,446,950,0,0,
48.5,30.5,0,0,0,0,0,0,0,1,20,0,0,0,0,0,0,0,1223,273,0,189,200,156,131,429,950,0,0,
48.5,30.5,0,0,0,0,0,0,0,1,20,0,0,0,0,0,0,0,1223,273,0,161,176,135,113,408,950,0,0,
48.5,30.5,0,0,0,0,0,0,0,1,20,0,0,0,0,0,0,0,1223,273,0,131,149,109,83,382,950,0,0,
48,50,0,0,0,0,0,0,0,0,0,0,2,0,0,0,0,0,1273,273,0,234,294,270,203,543,1000,0,0,
0,45.6,0,0,0,0,0,0,0,0,5,0,0,0,0,0,49.4,0,273,273,0,908,932,849,824,1122,0,0,0,
0,45.6,0,0,0,0,0,0,0,0,5,0,0,0,0,0,49.4,0,273,273,0,907,947,862,832,1135,0,0,0,
0,45.6,0,0,0,0,0,0,0,0,5,0,0,0,0,0,49.4,0,273,273,0,922,954,869,836,1142,0,0,0,
0,45.6,0,0,0,0,0,0,0,0,5,0,0,0,0,0,49.4,0,273,273,0,919,963,885,842,1158,0,0,0,
0,40,0,0,0,0,0,0,0,0,10,0,0,0,0,0,50,0,273,273,0,926,977,865,830,1138,0,0,0,
0,45,0,0,0,0,0,0,0,0,5,0,0,0,0,0,50,0,273,273,0,939,985,897,840,1170,0,0,0,
0,50,0,5,0,0,0,0,0,0,0,0,0,0,0,0,45,0,273,273,0,958,1003,914,855,1187,0,0,0,
0,47.5,0,0,0,0,0,0,0,0,0,0,0,0,0,0,52.5,0,273,273,0,995,1020,1000,980,1273,0,0,0,
0,50.8,0,0,0,0,0,0,0,0,0,0,0,0,0,0,49.2,0,273,273,0,1001,1041,1019,975,1292,0,0,0,
0,50,0,0,0,0,0,0,0,0,0,0,0,0,0,0,50,0,273,273,0,1010,1044,1014,951,1287,0,0,0,
0,50,0,0,0,0,0,0,0,0,0,0,0,0,0,0,50,0,273,273,0,1039,1046,1015,1011,1288,0,0,0,
0,57,0,0,0,0,0,0,0,0,0,0,0,0,0,0,43,0,273,273,0,1032,1049,964,928,1237,0,0,0,
0,61,0,0,0,0,0,0,0,0,0,0,0,0,0,0,39,0,273,273,0,1030,1050,943,927,1216,0,0,0,
0,56,0,0,0,0,0,0,0,0,0,0,0,0,0,0,44,0,273,273,0,1034,1054,1019,1010,1292,0,0,0,
0,56,0,0,0,0,0,0,0,0,0,0,0,0,0,0,44,0,273,273,0,1031,1054,974,950,1247,0,0,0,
0,50,0,0,0,0,0,0,0,0,0,0,0,0,0,0,50,0,273,273,0,1044,1069,1018,996,1291,0,0,0,
0,55,0,0,0,0,0,0,0,0,0,0,0,0,0,0,45,0,273,273,0,1025,1070,1035,995,1308,0,0,0,
0,52.5,0,0,0,0,0,0,0,0,0,0,0,0,0,0,47.5,0,273,273,0,1035,1080,1060,1005,1333,0,0,0,
0,50,0,0,0,0,0,0,0,0,0,0,0,0,0,0,50,0,273,273,0,1040,1085,1070,1020,1343,0,0,0,
0,50,0,0,0,0,0,0,0,0,0,0,0,0,0,0,50,0,273,273,0,1084,1067,1029,1015,1302,0,0,0,
0,56,0,0,0,0,0,0,0,0,0,0,0,0,0,0,44,0,273,273,0,1207,1228,1165,1139,1438,0,0,0,
0,56,0,0,0,0,0,0,0,0,0,0,0,0,0,0,44,0,273,273,0,1209,1225,1171,1143,1444,0,0,0,
0,69,0,0,0,0,0,0,0,0,0,0,0,0,0,0,51,0,273,273,0,1214,1225,1134,1125,1407,0,0,0,
0,66,0,0,0,0,0,0,0,0,0,0,0,0,0,0,34,0,273,273,0,1213,1226,1148,1134,1421,0,0,0,
0,69,0,0,0,0,0,0,0,0,0,0,0,0,0,0,31,0,273,273,0,1223,1228,1015,1008,1288,0,0,0,
0,63,0,0,0,0,0,0,0,0,0,0,0,0,0,0,37,0,273,273,0,1213,1232,1165,1147,1438,0,0,0,
0,57,0,0,0,0,0,0,0,0,0,0,0,0,0,0,43,0,273,273,0,1219,1232,1184,1150,1457,0,0,0,
0,65,0,0,0,0,0,0,0,0,0,0,0,0,0,0,35,0,273,273,0,1223,1233,1159,1139,1432,0,0,0,
0,60,0,0,0,0,0,0,0,0,0,0,0,0,0,0,40,0,273,273,0,1223,1238,1167,1156,1440,0,0,0,
0,61,0,0,0,0,0,0,0,0,0,0,0,0,0,0,39,0,273,273,0,1220,1241,1160,1134,1433,0,0,0,
0,61,0,0,0,0,0,0,0,0,0,0,0,0,0,0,39,0,273,273,0,1226,1244,1168,1146,1441,0,0,0,
0,45.6,0,0,0,0,0,0,0,0,5,0,0,0,0,0,49.4,0,273,273,0,908,932,849,824,1122,0,0,0,
0,45.6,0,0,0,0,0,0,0,0,5,0,0,0,0,0,49.4,0,273,273,0,907,947,862,832,1135,0,0,0,
0,45.6,0,0,0,0,0,0,0,0,5,0,0,0,0,0,49.4,0,273,273,0,922,954,869,836,1142,0,0,0,
0,45.6,0,0,0,0,0,0,0,0,5,0,0,0,0,0,49.4,0,273,273,0,919,963,885,842,1158,0,0,0,
0,45.6,0,0,0,0,0,0,0,0,5,0,0,0,0,0,49.4,0,273,273,0,915,963,891,844,1164,0,0,0,
0,40,0,0,0,0,0,0,0,0,10,0,0,0,0,0,50,0,273,273,0,926,977,865,830,1138,0,0,0,
0,45,0,0,0,0,0,0,0,0,5,0,0,0,0,0,50,0,273,273,0,939,985,897,840,1170,0,0,0,
0,46.7,0,0,12.8,0,0,0,0,0,5,0,0,0,0,0,35.5,0,273,273,0,677,773,701,595,974,0,0,0,
0,46.7,0,0,12.8,0,0,0,0,0,5,0,0,0,0,0,35.5,0,273,273,0,685,774,692,602,965,0,0,0,
0,46.7,0,0,12.8,0,0,0,0,0,5,0,0,0,0,0,35.5,0,273,273,0,680,775,699,595,972,0,0,0,
0,46.7,0,0,12.8,0,0,0,0,0,5,0,0,0,0,0,35.5,0,273,273,0,678,778,695,608,968,0,0,0,
0,46.7,0,0,12.8,0,0,0,0,0,5,0,0,0,0,0,35.5,0,273,273,0,681,781,703,601,976,0,0,0,
0,46.3,0,0,4.1,0,0,0,0,0,4.7,0,0,0,0,0,44.9,0,273,273,0,855,897,802,767,1075,0,0,0,
0,46.3,0,0,4.1,0,0,0,0,0,4.7,0,0,0,0,0,44.9,0,273,273,0,852,904,829,772,1102,0,0,0,
0,46.3,0,0,4.1,0,0,0,0,0,4.7,0,0,0,0,0,44.9,0,273,273,0,864,908,820,778,1093,0,0,0,
0,46.3,0,0,4.1,0,0,0,0,0,4.7,0,0,0,0,0,44.9,0,273,273,0,863,909,817,775,1090,0,0,0,
0,46.3,0,0,4.1,0,0,0,0,0,4.7,0,0,0,0,0,44.9,0,273,273,0,864,913,813,777,1086,0,0,0,
0,50,0,12,38,0,0,0,0,0,0,0,0,0,0,0,0,0,273,273,0,148,163,134,119,407,0,0,0,
0,50,0,0,40,0,0,0,0,0,0,0,10,0,0,0,0,0,273,273,0,168,178,171,154,444,0,0,0,
0,50,0,0,43,0,0,0,7,0,0,0,0,0,0,0,0,0,273,273,0,154,185,185,147,458,0,0,0,
0,50,0,0,40,0,10,10,0,0,0,0,0,0,0,0,0,0,273,273,0,188,202,183,150,456,0,0,0,
0,50,0,0,38,0,12,12,0,0,0,0,0,0,0,0,0,0,273,273,0,192,210,209,181,482,0,0,0,
0,50,0,0,42,0,0,0,0,0,0,0,0,0,0,0,0,0,273,273,0,179,218,171,131,444,0,0,0,
0,50,0,0,42,0,8,8,0,0,0,0,0,0,0,0,0,0,273,273,0,211,231,214,189,487,0,0,0,
0,50,0,0,42,0,8,8,0,0,0,0,0,0,0,0,0,0,273,273,0,227,251,240,215,513,0,0,0,
0,50,0,0,42.5,0,7.5,7.5,0,0,0,0,0,0,0,0,0,0,273,273,0,271,273,261,247,534,0,0,0,
0,50,0,0,45,0,0,0,5,0,0,0,0,0,0,0,0,0,273,273,0,240,276,261,229,534,0,0,0,
0,50,0,0,43,0,7,7,0,0,0,0,0,0,0,0,0,0,273,273,0,265,282,275,257,548,0,0,0,
0,50,0,0,45,0,0,0,5,0,0,0,0,0,0,0,0,0,273,273,0,273,292,276,259,549,0,0,0,
0,50,0,0,45.3,0,0,0,4.7,0,0,0,0,0,0,0,0,0,273,273,0,274,301,296,266,569,0,0,0,
0,50,0,0,45.2,0,0,0,4.8,0,0,0,0,0,0,0,0,0,273,273,0,283,303,287,269,560,0,0,0,
0,50,0,0,41,0,0,0,9,0,0,0,0,0,0,0,0,0,273,273,0,261,306,286,246,559,0,0,0,
0,40,0,0,50,0,0,0,0,0,10,0,0,0,0,0,0,0,273,273,0,277,305,228,202,501,0,0,0,
0,50,0,0,43.5,0,6.5,6.5,0,0,0,0,0,0,0,0,0,0,273,273,0,296,306,294,282,567,0,0,0,
0,50,0,0,45.3,0,0,0,4.7,0,0,0,0,0,0,0,0,0,273,273,0,278,311,299,263,572,0,0,0,
0,54,0,0,41,0,0,0,5,0,0,0,0,0,0,0,0,0,273,273,0,270,319,315,260,588,0,0,0,
0,50,0,0,45.4,0,0,0,4.6,0,0,0,0,0,0,0,0,0,273,273,0,289,319,305,276,578,0,0,0,
0,50,0,0,43.7,0,6.3,6.3,0,0,0,0,0,0,0,0,0,0,273,273,0,307,320,303,294,576,0,0,0,
0,50,0,0,41.5,0,0,0,8.5,0,0,0,0,0,0,0,0,0,273,273,0,288,334,321,273,594,0,0,0,
0,50,0,0,45.5,0,0,0,4.5,0,0,0,0,0,0,0,0,0,273,273,0,298,333,311,286,584,0,0,0,
0,50,0,0,43,0,7,7,0,0,0,0,0,0,0,0,0,0,273,273,0,305,333,292,239,565,0,0,0,
0,50,0,0,45.6,0,0,0,4.4,0,0,0,0,0,0,0,0,0,273,273,0,310,334,315,295,588,0,0,0,
0,50,0,0,44,0,6,6,0,0,0,0,0,0,0,0,0,0,273,273,0,322,336,317,304,590,0,0,0,
0,50,0,0,46,0,0,0,4,0,0,0,0,0,0,0,0,0,273,273,0,327,334,300,307,573,0,0,0,
0,50,0,0,45.8,0,0,0,4.2,0,0,0,0,0,0,0,0,0,273,273,0,328,343,322,309,595,0,0,0,
0,50,0,0,45.3,0,0,0,4.7,0,0,0,0,0,0,0,0,0,273,273,0,327,349,331,285,604,0,0,0,
0,50,0,0,45.4,0,0,0,4.6,0,0,0,0,0,0,0,0,0,273,273,0,318,349,340,292,613,0,0,0,
0,50,0,0,44,0,6,6,0,0,0,0,0,0,0,0,0,0,273,273,0,317,350,299,294,572,0,0,0,
0,45,0,0,50,0,0,0,5,0,0,0,0,0,0,0,0,0,273,273,0,268,356,347,293,620,0,0,0,
0,50,0,0,45.5,0,0,0,4.5,0,0,0,0,0,0,0,0,0,273,273,0,332,358,330,298,603,0,0,0,
0,50,0,0,45.6,0,0,0,4.4,0,0,0,0,0,0,0,0,0,273,273,0,338,359,324,294,597,0,0,0,
0,50,0,0,45.8,0,0,0,4.2,0,0,0,0,0,0,0,0,0,273,273,0,346,358,349,333,622,0,0,0,
0,50,0,0,46,0,0,0,4,0,0,0,0,0,0,0,0,0,273,273,0,349,361,346,338,619,0,0,0,
0,40,0,0,50,0,0,0,0,0,10,0,0,0,0,0,0,0,273,273,0,353,370,339,324,612,0,0,0,
0,50,0,0,45,0,0,0,5,0,0,0,0,0,0,0,0,0,273,273,0,363,374,360,349,633,0,0,0,
0,50,0,0,45.2,0,0,0,4.8,0,0,0,0,0,0,0,0,0,273,273,0,362,376,347,291,620,0,0,0,
0,50,0,0,42,0,8,8,0,0,0,0,0,0,0,0,0,0,273,273,0,360,379,370,347,643,0,0,0,
0,40,0,0,50,0,0,0,0,0,10,0,0,0,0,0,0,0,273,273,0,354,379,341,328,614,0,0,0,
0,50,0,0,42,0,0,0,8,0,0,0,0,0,0,0,0,0,273,273,0,336,377,364,323,637,0,0,0,
0,40,0,0,50,0,0,0,0,0,10,0,0,0,0,0,0,0,273,273,0,340,384,366,322,639,0,0,0,
0,40,0,0,50,0,0,0,0,0,0,0,0,0,0,0,0,0,273,273,0,366,383,355,333,628,0,0,0,
0,43,0,0,50,0,0,0,0,0,7,0,0,0,0,0,0,0,273,273,0,370,387,365,352,638,0,0,0,
0,50,0,0,47,0,0,0,3,0,0,0,0,0,0,0,0,0,273,273,0,404,423,388,376,661,0,0,0,
0,50,0,0,47,0,0,0,0,0,0,0,0,0,0,0,0,0,273,273,0,405,424,390,374,663,0,0,0,
0,43,0,0,50,0,0,0,0,0,7,0,0,0,0,0,0,0,273,273,0,404,429,386,367,659,0,0,0,
0,50,0,0,43,0,0,0,0,0,7,0,0,0,0,0,0,0,273,273,0,416,440,429,406,702,0,0,0,
0,43,0,0,50,0,0,0,0,0,7,0,0,0,0,0,0,0,273,273,0,434,454,428,407,701,0,0,0,
0,55,0,0,45,0,0,0,0,0,0,0,0,0,0,0,0,0,273,273,0,430,470,450,410,723,0,0,0,
0,45,0,0,55,0,0,0,0,0,0,0,0,0,0,0,0,0,273,273,0,410,475,430,380,703,0,0,0,
0,43,0,0,50,0,0,0,0,0,7,0,0,0,0,0,0,0,273,273,0,451,469,421,400,694,0,0,0,
0,50,0,0,47,0,3,3,0,0,0,0,0,0,0,0,0,0,273,273,0,451,480,424,418,697,0,0,0,
0,42,0,0,50,0,0,0,0,0,0,0,0,0,0,0,0,0,273,273,0,450,482,431,409,704,0,0,0,
0,52.5,0,0,47.5,0,0,0,0,0,0,0,0,0,0,0,0,0,273,273,0,455,495,460,420,733,0,0,0,
0,50,0,4,46,0,0,0,0,0,0,0,0,0,0,0,0,0,273,273,0,472,492,454,427,727,0,0,0,
0,40,0,0,50,0,0,0,0,0,0,0,0,0,0,0,0,0,273,273,0,484,492,428,405,701,0,0,0,
0,50,0,0,47,0,0,0,3,0,0,0,0,0,0,0,0,0,273,273,0,677,697,659,649,932,0,0,0,
0,50,0,0,48,0,0,0,2,0,0,0,0,0,0,0,0,0,273,273,0,764,773,708,685,981,0,0,0,
0,50,0,0,48,0,0,0,2,0,0,0,0,0,0,0,0,0,273,273,0,491,502,435,412,708,0,0,0,
0,50,0,0,48,0,0,0,2,0,0,0,0,0,0,0,0,0,273,273,0,492,503,435,411,708,0,0,0,
0,45,0,0,50,0,0,0,0,0,5,0,0,0,0,0,0,0,273,273,0,489,506,462,444,735,0,0,0,
0,44,0,0,50,0,0,0,0,0,6,0,0,0,0,0,0,0,273,273,0,476,508,444,420,717,0,0,0,
0,46,0,0,50,0,0,0,0,0,0,0,0,0,0,0,0,0,273,273,0,490,511,457,430,730,0,0,0,
0,53,0,0,47,0,0,0,0,0,0,0,0,0,0,0,0,0,273,273,0,495,514,514,498,787,0,0,0,
0,40,0,0,55,0,0,0,0,0,0,0,0,0,0,0,0,0,273,273,0,437,559,442,398,715,0,0,0,
0,40,0,0,55,0,0,0,0,0,0,5,0,0,0,0,0,0,273,273,0,488,535,361,410,634,0,0,0,
0,50,0,0,49,0,0,0,1,0,0,0,0,0,0,0,0,0,273,273,0,522,532,484,471,757,0,0,0,
0,49,0,0,51,0,0,0,0,0,0,0,0,0,0,0,0,0,273,273,0,520,540,485,470,758,0,0,0,
0,50,0,0,49,0,0,0,1,0,0,0,0,0,0,0,0,0,273,273,0,521,540,473,485,746,0,0,0,
0,50,0,0,49,0,1,1,0,0,0,0,0,0,0,0,0,0,273,273,0,528,541,484,471,757,0,0,0,
0,50,0,2,48,0,0,0,0,0,0,0,0,0,0,0,0,0,273,273,0,523,545,478,464,751,0,0,0,
0,50,0,0,50,0,0,0,0,0,0,0,0,0,0,0,0,0,273,273,0,520,550,510,480,783,0,0,0,
0,50,0,0,45,0,0,0,5,0,0,0,0,0,0,0,0,0,273,273,0,534,551,539,524,812,0,0,0,
0,54,0,0,44,0,0,0,2,0,0,0,0,0,0,0,0,0,273,273,0,520,573,564,502,837,0,0,0,
0,50,0,0,50,0,0,0,0,0,0,0,0,0,0,0,0,0,273,273,0,573,577,533,528,806,0,0,0,
0,45,0,0,50,0,0,0,0,0,0,0,0,5,0,0,0,0,273,273,0,561,579,512,489,785,0,0,0,
0,50,0,0,50,0,0,0,0,0,0,0,0,0,0,0,0,0,273,273,0,565,584,524,511,797,0,0,0,
0,53,0,0,47,0,0,0,0,0,0,0,0,0,0,0,0,0,273,273,0,547,584,519,491,792,0,0,0,
0,50,0,0,50,0,0,0,0,0,0,0,0,0,0,0,0,0,273,273,0,603,610,534,525,807,0,0,0,
0,50,0,0,46,0,0,0,4,0,0,0,0,0,0,0,0,0,273,273,0,590,607,584,580,857,0,0,0,
0,40,0,0,55,0,0,0,0,0,5,0,0,0,0,0,0,0,273,273,0,530,593,438,452,711,0,0,0,
0,55,0,0,45,0,0,0,0,0,0,0,0,0,0,0,0,0,273,273,0,591,601,539,532,812,0,0,0,
0,45.6,0,0,0,0,0,0,0,0,5,0,0,0,0,0,49.4,0,273,273,0,908,932,849,824,1122,0,0,0,
0,45.6,0,0,0,0,0,0,0,0,5,0,0,0,0,0,49.4,0,273,273,0,907,947,862,832,1135,0,0,0,
0,45.6,0,0,0,0,0,0,0,0,5,0,0,0,0,0,49.4,0,273,273,0,922,954,869,836,1142,0,0,0,
0,45.6,0,0,0,0,0,0,0,0,5,0,0,0,0,0,49.4,0,273,273,0,919,963,885,842,1158,0,0,0,
0,40,0,0,0,0,0,0,0,0,10,0,0,0,0,0,50,0,273,273,0,926,977,865,830,1138,0,0,0,
0,45,0,0,0,0,0,0,0,0,5,0,0,0,0,0,50,0,273,273,0,939,985,897,840,1170,0,0,0,
0,50,0,5,0,0,0,0,0,0,0,0,0,0,0,0,45,0,273,273,0,958,1003,914,855,1187,0,0,0,
0,47.5,0,0,0,0,0,0,0,0,0,0,0,0,0,0,52.5,0,273,273,0,995,1020,1000,980,1273,0,0,0,
0,50.8,0,0,0,0,0,0,0,0,0,0,0,0,0,0,49.2,0,273,273,0,1001,1041,1019,975,1292,0,0,0,
0,50,0,0,0,0,0,0,0,0,0,0,0,0,0,0,50,0,273,273,0,1010,1044,1014,951,1287,0,0,0,
0,50,0,0,0,0,0,0,0,0,0,0,0,0,0,0,50,0,273,273,0,1039,1046,1015,1011,1288,0,0,0,
0,57,0,0,0,0,0,0,0,0,0,0,0,0,0,0,43,0,273,273,0,1032,1049,964,928,1237,0,0,0,
0,61,0,0,0,0,0,0,0,0,0,0,0,0,0,0,39,0,273,273,0,1030,1050,943,927,1216,0,0,0,
0,56,0,0,0,0,0,0,0,0,0,0,0,0,0,0,44,0,273,273,0,1034,1054,1019,1010,1292,0,0,0,
0,56,0,0,0,0,0,0,0,0,0,0,0,0,0,0,44,0,273,273,0,1031,1054,974,950,1247,0,0,0,
0,50,0,0,0,0,0,0,0,0,0,0,0,0,0,0,50,0,273,273,0,1044,1069,1018,996,1291,0,0,0,
0,55,0,0,0,0,0,0,0,0,0,0,0,0,0,0,45,0,273,273,0,1025,1070,1035,995,1308,0,0,0,
0,52.5,0,0,0,0,0,0,0,0,0,0,0,0,0,0,47.5,0,273,273,0,1035,1080,1060,1005,1333,0,0,0,
0,50,0,0,0,0,0,0,0,0,0,0,0,0,0,0,50,0,273,273,0,1040,1085,1070,1020,1343,0,0,0,
0,50,0,0,0,0,0,0,0,0,0,0,0,0,0,0,50,0,273,273,0,1084,1067,1029,1015,1302,0,0,0,
0,56,0,0,0,0,0,0,0,0,0,0,0,0,0,0,44,0,273,273,0,1207,1228,1165,1139,1438,0,0,0,
0,56,0,0,0,0,0,0,0,0,0,0,0,0,0,0,44,0,273,273,0,1209,1225,1171,1143,1444,0,0,0,
0,69,0,0,0,0,0,0,0,0,0,0,0,0,0,0,51,0,273,273,0,1214,1225,1134,1125,1407,0,0,0,
0,66,0,0,0,0,0,0,0,0,0,0,0,0,0,0,34,0,273,273,0,1213,1226,1148,1134,1421,0,0,0,
0,69,0,0,0,0,0,0,0,0,0,0,0,0,0,0,31,0,273,273,0,1223,1228,1015,1008,1288,0,0,0,
0,63,0,0,0,0,0,0,0,0,0,0,0,0,0,0,37,0,273,273,0,1213,1232,1165,1147,1438,0,0,0,
0,57,0,0,0,0,0,0,0,0,0,0,0,0,0,0,43,0,273,273,0,1219,1232,1184,1150,1457,0,0,0,
0,65,0,0,0,0,0,0,0,0,0,0,0,0,0,0,35,0,273,273,0,1223,1233,1159,1139,1432,0,0,0,
0,60,0,0,0,0,0,0,0,0,0,0,0,0,0,0,40,0,273,273,0,1223,1238,1167,1156,1440,0,0,0,
0,61,0,0,0,0,0,0,0,0,0,0,0,0,0,0,39,0,273,273,0,1220,1241,1160,1134,1433,0,0,0,
0,61,0,0,0,0,0,0,0,0,0,0,0,0,0,0,39,0,273,273,0,1226,1244,1168,1146,1441,0,0,0,
0,45.6,0,0,0,0,0,0,0,0,5,0,0,0,0,0,49.4,0,273,273,0,908,932,849,824,1122,0,0,0,
0,45.6,0,0,0,0,0,0,0,0,5,0,0,0,0,0,49.4,0,273,273,0,907,947,862,832,1135,0,0,0,
0,45.6,0,0,0,0,0,0,0,0,5,0,0,0,0,0,49.4,0,273,273,0,922,954,869,836,1142,0,0,0,
0,45.6,0,0,0,0,0,0,0,0,5,0,0,0,0,0,49.4,0,273,273,0,919,963,885,842,1158,0,0,0,
0,45.6,0,0,0,0,0,0,0,0,5,0,0,0,0,0,49.4,0,273,273,0,915,963,891,844,1164,0,0,0,
0,40,0,0,0,0,0,0,0,0,10,0,0,0,0,0,50,0,273,273,0,926,977,865,830,1138,0,0,0,
0,45,0,0,0,0,0,0,0,0,5,0,0,0,0,0,50,0,273,273,0,939,985,897,840,1170,0,0,0,
0,46.7,0,0,12.8,0,0,0,0,0,5,0,0,0,0,0,35.5,0,273,273,0,677,773,701,595,974,0,0,0,
0,46.7,0,0,12.8,0,0,0,0,0,5,0,0,0,0,0,35.5,0,273,273,0,685,774,692,602,965,0,0,0,
0,46.7,0,0,12.8,0,0,0,0,0,5,0,0,0,0,0,35.5,0,273,273,0,680,775,699,595,972,0,0,0,
0,46.7,0,0,12.8,0,0,0,0,0,5,0,0,0,0,0,35.5,0,273,273,0,678,778,695,608,968,0,0,0,
0,46.7,0,0,12.8,0,0,0,0,0,5,0,0,0,0,0,35.5,0,273,273,0,681,781,703,601,976,0,0,0,
0,46.3,0,0,4.1,0,0,0,0,0,4.7,0,0,0,0,0,44.9,0,273,273,0,855,897,802,767,1075,0,0,0,
0,46.3,0,0,4.1,0,0,0,0,0,4.7,0,0,0,0,0,44.9,0,273,273,0,852,904,829,772,1102,0,0,0,
0,46.3,0,0,4.1,0,0,0,0,0,4.7,0,0,0,0,0,44.9,0,273,273,0,864,908,820,778,1093,0,0,0,
0,46.3,0,0,4.1,0,0,0,0,0,4.7,0,0,0,0,0,44.9,0,273,273,0,863,909,817,775,1090,0,0,0,
0,46.3,0,0,4.1,0,0,0,0,0,4.7,0,0,0,0,0,44.9,0,273,273,0,864,913,813,777,1086,0,0,0,
0,0,0,0,0,0,0,0,0,21.7,0,0,5.9,0,72.4,0,0,0,1073,273,0,119,74,107,59,380,800,0,0,
0,0,0,0,0,0,0,0,0,23,0,0,5.1,0,71.9,0,0,0,1173,1173,30,146,122,122,100,395,900,900,0.5,
0,0,0,0,0,0,0,0,0,20.9,0,0,6.6,0,72.5,0,0,0,1173,1173,30,152,135,127,106,400,900,900,0.5,
0,0,0,0,0,0,0,0,0,21.33,0,0,3.72,0,74.95,0,0,0,1173,1223,30,152,139,124,90,397,900,950,0.5,
0,0,0,0,0,0,0,0,0,23,0,0,0.9,0,76.1,0,0,0,1173,1173,30,155,140,131,108,404,900,900,0.5,
0,0,0,0,0,0,0,0,0,23.6,0,0,3,0,73.4,0,0,0,1173,1173,30,168.5,132.4,128.2,110.2,401.2,900,900,0.5,
0,0,0,0,0,0,0,0,0,25,0,0,3,0,72,0,0,0,273,273,0,200,120,140,80,413,0,0,0,
0,0,0,0,0,0,0,0,0,24.9,0,0,5.4,0,69.7,0,0,0,1173,1173,30,162,144,139,118,412,900,900,0.5,
0,0,0,0,0,0,0,0,0,22.3,0,0,4,0,73.7,0,0,0,1123,273,0,198,158,164,98,437,850,0,0,
0,0,0,0,0,0,0,0,0,24,0,0,3,0,73,0,0,0,1123,1123,9.6,270,225,230,125,503,850,850,0.16,
0,0,0,0,0,0,0,0,0,24,0,0,2.5,0,73.5,0,0,0,1173,273,0,345,315,210,200,483,900,0,0,
16,0,0,34,0,0,0,0,0,0,50,0,0,0,0,0,0,0,273,273,0,386,625,154,-11,427,0,0,0,
16,0,0,34,0,0,0,0,0,0,50,0,0,0,0,0,0,0,273,273,0,281,536,174,61,447,0,0,0,
17.5,0,0,33.1,0,0,0,0,0,0,49.4,0,0,0,0,0,0,0,273,273,0,310,420,150,100,423,0,0,0,
13,0,0,37,0,0,0,0,0,0,50,0,0,0,0,0,0,0,273,273,0,401,755,298,149,571,0,0,0,
15.2,0,0,25.4,0,0,0,0,0,0,59.4,0,0,0,0,0,0,0,273,273,0,461,550,292,248,565,0,0,0,
20,0,0,30.2,0,0,0,0,0,0,49.8,0,0,0,0,0,0,0,273,273,0,490,570,365,245,638,0,0,0,
20,0,0,30.2,0,0,0,0,0,0,49.8,0,0,0,0,0,0,0,273,273,0,482,629,375,262,648,0,0,0,
20,0,0,30,0,0,0,0,0,0,50,0,0,0,0,0,0,0,273,273,0,619,883,440,353,713,0,0,0,
21.8,0,0,28.5,0,0,0,0,0,0,49.7,0,0,0,0,0,0,0,273,273,0,605,812,497,370,770,0,0,0,
25.7,0,0,24.4,0,0,0,0,0,0,49.9,0,0,0,0,0,0,0,273,273,0,700,950,615,480,888,0,0,0,
25,0,0,25,0,0,0,0,0,0,50,0,0,0,0,0,0,0,273,273,0,700,950,620,480,893,0,0,0,
25,0,0,0,0,0,0,0,0,0,50,0,0,0,25,0,0,0,273,273,0,146,170,147,123,420,0,0,0,
20,0,0,0,0,0,0,0,0,0,50,0,0,0,30,0,0,0,273,273,0,144,168,155,124,428,0,0,0,
15,0,0,0,0,0,0,0,0,0,50,0,0,0,35,0,0,0,273,273,0,140,167,156,125,429,0,0,0,
10,0,0,0,0,0,0,0,0,0,50,0,0,0,40,0,0,0,273,273,0,135,166,158,125,431,0,0,0,
5,0,0,0,0,0,0,0,0,0,50,0,0,0,45,0,0,0,273,273,0,132,165,160,128,433,0,0,0,
5,0,0,0,0,0,0,0,0,0,50,0,0,0,45,0,0,0,273,273,0,341,353,155,151,428,0,0,0,
10,0,0,0,0,0,0,0,0,0,50,0,0,0,40,0,0,0,273,273,0,430,439,259,252,532,0,0,0,
15,0,0,0,0,0,0,0,0,0,50,0,0,0,35,0,0,0,273,273,0,528,537,423,395,696,0,0,0,
19.8,0,0,0,0,0,0,0,0,0,50.6,0,0,0,29.6,0,0,0,273,273,0,658,710,501,421,774,0,0,0,
25,0,0,0,0,0,0,0,0,0,50,0,0,0,25,0,0,0,273,273,0,638,773,540,456,813,0,0,0,
25,0,0,0,0,0,0,0,0,0,50,0,0,0,25,0,0,0,273,273,0,690,790,610,510,883,0,0,0,
25,0,0,0,0,0,0,0,0,0,50,0,0,0,25,0,0,0,273,273,0,577,847,592,524,865,0,0,0,
19.8,0,0,0,0,0,0,0,0,0,50.6,0,0,0,29.6,0,0,0,273,273,0,674,706,440,430,713,0,0,0,
19.8,0,0,0,0,0,0,0,0,0,50.6,0,0,0,29.6,0,0,0,273,273,0,704,673,445,435,718,0,0,0,
19.8,0,0,0,0,0,0,0,0,0,50.6,0,0,0,29.6,0,0,0,273,273,0,648,707,453,440,726,0,0,0,
19.8,0,0,0,0,0,0,0,0,0,50.6,0,0,0,29.6,0,0,0,273,273,0,598,643,460,441,733,0,0,0,
0,0,0,4,0,0,0,0,0,0,50,0,0,0,46,0,0,0,273,273,0,158,184,102,70,375,0,0,0,
0,0,0,4,0,0,0,0,0,0,50,0,0,0,46,0,0,0,273,273,0,159,186,103,70,376,0,0,0,
0,0,0,2,0,0,0,0,0,0,50,0,0,0,48,0,0,0,273,273,0,220,266,129,78,402,0,0,0,
0,0,0,3,0,0,0,0,0,0,50,0,0,0,47,0,0,0,273,273,0,197,209,123,87,396,0,0,0,
0,0,0,3,0,0,0,0,0,0,50,0,0,0,47,0,0,0,273,273,0,198,211,125,87,398,0,0,0,
0,0,0,2,0,0,0,0,0,0,50,0,0,0,48,0,0,0,273,273,0,252,263,112,91,385,0,0,0,
0,0,0,2,0,0,0,0,0,0,50,0,0,0,48,0,0,0,273,273,0,212,230,137,114,410,0,0,0,
0,0,0,2,0,0,0,0,0,0,50,0,0,0,48,0,0,0,273,273,0,214,231,139,115,412,0,0,0,
0,0,0,1,0,0,0,0,0,0,50,0,0,0,49,0,0,0,273,273,0,237,251,155,122,428,0,0,0,
0,0,0,1,0,0,0,0,0,0,50,0,0,0,49,0,0,0,273,273,0,239,253,157,122,430,0,0,0,
0,0,0,0.5,0,0,0,0,0,0,50,0,0,0,49.5,0,0,0,273,273,0,243,258,167,124,440,0,0,0,
0,0,0,0.5,0,0,0,0,0,0,50,0,0,0,49.5,0,0,0,273,273,0,245,261,168,125,441,0,0,0,
0,0,0,0,0,0,0,0,0,2,50,0,0,0,48,0,0,0,273,273,0,223,237,141,69,414,0,0,0,
47.75,0,0,0,0,0,0,0,0,0,47.75,0,0,0,47.75,0,0,0,273,273,0,256,300,117,58,390,0,0,0,
0,0,0,0.5,0,0,0,0,0,4,48,0,0,0,47.5,0,0,0,273,273,0,188,250,115,73,388,0,0,0,
4.4,0,0,20.6,0,0,0,0,0,0,50,0,0,0,25,0,0,0,273,273,0,70,253,121,-90,394,0,0,0,
4.4,0,0,20.6,0,0,0,0,0,0,50,0,0,0,25,0,0,0,273,273,0,120,218,170,93,443,0,0,0,
10.2,0,0,14.8,0,0,0,0,0,0,50,0,0,0,25,0,0,0,273,273,0,250,433,282,120,555,0,0,0,
5,0,0,13,0,0,0,0,0,0,50,0,0,0,32,0,0,0,273,273,0,232,304,235,141,508,0,0,0,
7,0,0,15,0,0,0,0,0,0,50,0,0,0,28,0,0,0,273,273,0,235,288,224,168,497,0,0,0,
5,0,0,13,0,0,0,0,0,0,50,0,0,0,32,0,0,0,273,273,0,237,316,248,167,521,0,0,0,
15.5,0,0,9.5,0,0,0,0,0,0,50,0,0,0,25,0,0,0,273,273,0,426,565,371,205,644,0,0,0,
10.2,0,0,14.8,0,0,0,0,0,0,50,0,0,0,25,0,0,0,273,273,0,307,436,305,233,578,0,0,0,
12.5,0,0,12.5,0,0,0,0,0,0,50,0,0,0,25,0,0,0,273,273,0,419,522,355,294,628,0,0,0,
12.5,0,0,12.5,0,0,0,0,0,0,50,0,0,0,25,0,0,0,273,273,0,360,517,468,308,741,0,0,0,
20.3,0,0,4.7,0,0,0,0,0,0,50,0,0,0,25,0,0,0,273,273,0,513,734,494,357,767,0,0,0,
15.5,0,0,9.5,0,0,0,0,0,0,50,0,0,0,25,0,0,0,273,273,0,507,590,420,364,693,0,0,0,
20.3,0,0,4.7,0,0,0,0,0,0,50,0,0,0,25,0,0,0,273,273,0,604,708,511,458,784,0,0,0,
25,0,0,0,0,0,0,0,0,0,50,0,0,0,25,0,0,0,273,273,0,697,794,613,508,886,0,0,0,
4.95,0,0,0,0,0,0,0,0,9.91,54.5,0,0,0,29.73,0,0,0,273,273,0,158,196,179,135,452,0,0,0,
75,0,0,0,0,0,0,0,0,0,0,0,0,25,0,0,0,0,273,273,0,352,430,230,64,503,0,0,0,
75,0,0,0,0,0,0,0,0,0,0,0,0,25,0,0,0,0,273,273,0,329,461,251,132,524,0,0,0,
75,0,0,0,0,0,0,0,0,0,0,0,0,25,0,0,0,0,273,273,0,333,440,257,188,530,0,0,0,
75,0,0,0,0,0,0,0,0,0,0,0,0,25,0,0,0,0,273,273,0,277,303,257,227,530,0,0,0,
75,0,0,0,0,0,0,0,0,0,0,0,0,25,0,0,0,0,273,273,0,348,473,265,189,538,0,0,0,
75,0,0,0,0,0,0,0,0,0,0,0,0,25,0,0,0,0,273,273,0,288,320,273,239,546,0,0,0,
75,0,0,0,0,0,0,0,0,0,0,0,0,20,0,0,0,5,273,273,0,348,377,267,220,540,0,0,0,
75,0,0,0,0,0,0,0,0,0,0,0,0,24,0,0,0,1,273,273,0,343,363,262,239,535,0,0,0,
75,0,0,0,0,0,0,0,0,0,0,0,0,22,0,0,0,3,273,273,0,345,365,283,242,556,0,0,0,
73,0,0,2,0,0,0,0,0,0,0,0,0,25,0,0,0,0,273,273,0,-53,435,139,27,412,0,0,0,
75,0,0,0,0,0,0,0,0,0,0,2,0,23,0,0,0,0,273,273,0,110,381,156,60,429,0,0,0,
64,0,0,0,0,0,0,0,0,36,0,0,0,0,0,0,0,0,273,273,0,83,126,117,63,390,0,0,0,
64,0,0,0,0,0,0,0,0,36,0,0,0,0,0,0,0,0,273,273,0,89,148,125,74,398,0,0,0,
64,0,0,0,0,0,0,0,0,36,0,0,0,0,0,0,0,0,273,273,0,104,124,103,83,376,0,0,0,
64,0,0,0,0,0,0,0,0,36,0,0,0,0,0,0,0,0,273,273,0,102,128,108,84,381,0,0,0,
64,0,0,0,0,0,0,0,0,36,0,0,0,0,0,0,0,0,273,273,0,104,136,115,83,388,0,0,0,
64,0,0,0,0,0,0,0,0,36,0,0,0,0,0,0,0,0,273,273,0,11,132,116,86,389,0,0,0,
64,0,0,0,0,0,0,0,0,36,0,0,0,0,0,0,0,0,273,273,0,125,146,117,93,390,0,0,0,
64,0,0,0,0,0,0,0,0,36,0,0,0,0,0,0,0,0,273,273,0,118,138,122,96,395,0,0,0,
64,0,0,0,0,0,0,0,0,36,0,0,0,0,0,0,0,0,273,273,0,116,137,116,97,389,0,0,0,
64,0,0,0,0,0,0,0,0,36,0,0,0,0,0,0,0,0,273,273,0,121,138,117,101,390,0,0,0,
64,0,0,0,0,0,0,0,0,36,0,0,0,0,0,0,0,0,273,273,0,116,155,126,97,399,0,0,0,
64.8,0,0,0,0,0,0,0,0,35.2,0,0,0,0,0,0,0,0,273,273,0,130,275,200,100,473,0,0,0,
64,0,0,0,0,0,0,0,0,36,0,0,0,0,0,0,0,0,273,273,0,126,169,142,108,415,0,0,0,
64,0,0,0,0,0,0,0,0,36,0,0,0,0,0,0,0,0,273,273,0,130,150,129,110,402,0,0,0,
64,0,0,0,0,0,0,0,0,36,0,0,0,0,0,0,0,0,273,273,0,135,152,129,112,402,0,0,0,
64,0,0,0,0,0,0,0,0,36,0,0,0,0,0,0,0,0,273,273,0,155,165,145,131,418,0,0,0,
64,0,0,0,0,0,0,0,0,36,0,0,0,0,0,0,0,0,273,273,0,197,233,204,167,477,0,0,0,
65,0,0,0,0,0,0,0,0,35,0,0,0,0,0,0,0,0,273,273,0,206,277,222,168,495,0,0,0,
65,0,0,0,0,0,0,0,0,35,0,0,0,0,0,0,0,0,273,273,0,240,314,265,224,538,0,0,0,
64.4,0,0,0,0,0,0,0,0,35.6,0,0,0,0,0,0,0,0,273,273,0,282,322,293,251,566,0,0,0,
60,0,0,0,0,0,5,0,0,19,0,0,16,0,0,0,0,0,273,273,0,438,502,337,325,610,0,0,0,
60,0,0,0,0,0,9,0,0,19,0,0,12,0,0,0,0,0,273,273,0,181,250,214,190,487,0,0,0,
59,0,0,0,0,0,13.91,0,0,26.93,0,0,0,0,0,0,0,0.16,492,273,0,81,159,111,49,384,219,0,0,
59,0,0,0,0,0,13.91,0,0,26.93,0,0,0,0,0,0,0,0.16,492,273,0,99,171,113,53,386,219,0,0,
58.9,0,0,0,0,0,13.98,0,0,26.95,0,0,0,0,0,0,0,0.17,273,273,0,95,172,127,56,400,0,0,0,
58.9,0,0,0,0,0,13.98,0,0,26.95,0,0,0,0,0,0,0,0.17,273,273,0,133,163,123,94,396,0,0,0,
58.9,0,0,0,0,0,13.98,0,0,26.95,0,0,0,0,0,0,0,0.17,273,273,0,131,168,124,101,397,0,0,0,
59.18,0,0,0,0,0,14.76,0,0,25.9,0,0,0,0,0,0,0,0.16,687,273,0,128,236,186,95,459,414,0,0,
59.18,0,0,0,0,0,14.76,0,0,25.9,0,0,0,0,0,0,0,0.16,687,273,0,133,227,184,96,457,414,0,0,
59.18,0,0,0,0,0,14.76,0,0,25.9,0,0,0,0,0,0,0,0.16,687,273,0,130,224,178,107,451,414,0,0,
58.9,0,0,0,0,0,13.98,0,0,26.95,0,0,0,0,0,0,0,0.17,273,273,0,137,269,217,108,490,0,0,0,
64,0,0,3,0,0,0,0,0,30,3,0,0,0,0,0,0,0,273,273,0,160,220,190,135,463,0,0,0,
56,0,0,10,0,0,0,0,0,34,0,0,0,0,0,0,0,0,273,273,0,248,309,262,244,535,0,0,0,
63,0,0,1.6,0,0,0,0,0,35.4,0,0,0,0,0,0,0,0,273,273,0,84,132,114,69,387,0,0,0,
64,0,0,0,0,0,0,0,4,32,0,0,0,0,0,0,0,0,273,273,0,211,280,251,193,524,0,0,0,
63.7,0,0,0,0,0,0,0,0,35.8,0,0,0,0,0.5,0,0,0,273,273,0,129,153,131,109,404,0,0,0,
63.5,0,0,0,0,0,0,0,0,35.7,0,0,0,0,0.8,0,0,0,273,273,0,136,158,138,118,411,0,0,0,
63.2,0,0,0,0,0,0,0,0,35.5,0,0,0,0,1.3,0,0,0,273,273,0,159,195,172,130,445,0,0,0,
51.2,23.4,0,0,0,0,0,0,0,0,0,0,0,0,0,25.4,0,0,1173,773,240,109,225,161,39,434,900,500,4,
51.2,23.4,0,0,0,0,0,0,0,0,0,0,0,0,0,25.4,0,0,1173,823,600,159,289,221,86,494,900,550,10,
51.2,28.8,0,0,0,0,0,0,0,0,0,0,0,0,0,20,0,0,1173,723,180,-38,-8,-25,-90,248,900,450,3,
51.2,28.8,0,0,0,0,0,0,0,0,0,0,0,0,0,20,0,0,1173,723,180,-40,5,-20,-90,253,900,450,3,
51.2,28.8,0,0,0,0,0,0,0,0,0,0,0,0,0,20,0,0,1173,723,180,-32,25,5,-70,278,900,450,3,
51.2,28.8,0,0,0,0,0,0,0,0,0,0,0,0,0,20,0,0,1173,723,180,-22,42,26,-54,299,900,450,3,
51.2,28.8,0,0,0,0,0,0,0,0,0,0,0,0,0,20,0,0,1173,723,180,5,77,60,-28,333,900,450,3,
51.2,28.8,0,0,0,0,0,0,0,0,0,0,0,0,0,20,0,0,1173,723,180,16,100,77,-8,350,900,450,3,
51.2,28.8,0,0,0,0,0,0,0,0,0,0,0,0,0,20,0,0,1173,823,180,60,108,57,22,330,900,550,3,
51.2,28.8,0,0,0,0,0,0,0,0,0,0,0,0,0,20,0,0,1173,823,180,73,120,85,26,358,900,550,3,
51.2,28.8,0,0,0,0,0,0,0,0,0,0,0,0,0,20,0,0,1173,823,180,86,130,102,37,375,900,550,3,
51.2,28.8,0,0,0,0,0,0,0,0,0,0,0,0,0,20,0,0,1173,823,180,89,153,118,50,391,900,550,3,
51.2,28.8,0,0,0,0,0,0,0,0,0,0,0,0,0,20,0,0,1173,823,180,104,177,140,65,413,900,550,3,
51.2,28.8,0,0,0,0,0,0,0,0,0,0,0,0,0,20,0,0,1173,823,180,116,196,156,77,429,900,550,3,
51.2,28.8,0,0,0,0,0,0,0,0,0,0,0,0,0,20,0,0,1173,823,180,126,226,172,98,445,900,550,3,
51.2,28.8,0,0,0,0,0,0,0,0,0,0,0,0,0,20,0,0,1173,923,180,125,189,125,83,398,900,650,3,
51.2,28.8,0,0,0,0,0,0,0,0,0,0,0,0,0,20,0,0,1173,923,180,128,193,132,103,405,900,650,3,
51.2,28.8,0,0,0,0,0,0,0,0,0,0,0,0,0,20,0,0,1173,923,180,138,208,146,112,419,900,650,3,
51.2,28.8,0,0,0,0,0,0,0,0,0,0,0,0,0,20,0,0,1173,923,180,142,235,162,118,435,900,650,3,
51.2,28.8,0,0,0,0,0,0,0,0,0,0,0,0,0,20,0,0,1173,923,180,150,270,177,130,450,900,650,3,
50.3,29.7,0,0,0,0,0,0,0,0,0,0,0,0,0,20,0,0,273,273,0,138,156,118,104,391,0,0,0,
50.3,29.7,0,0,0,0,0,0,0,0,0,0,0,0,0,20,0,0,273,273,0,163,180,150,138,423,0,0,0,
50.3,29.7,0,0,0,0,0,0,0,0,0,0,0,0,0,20,0,0,273,573,180,127,140,106,87,379,0,300,3,
50.3,29.7,0,0,0,0,0,0,0,0,0,0,0,0,0,20,0,0,273,673,180,121,132,100,88,373,0,400,3,
50.3,29.7,0,0,0,0,0,0,0,0,0,0,0,0,0,20,0,0,273,273,0,180,215,162,140,435,0,0,0,
50.3,29.7,0,0,0,0,0,0,0,0,0,0,0,0,0,20,0,0,273,773,180,160,168,142,133,415,0,500,3,
50.3,29.7,0,0,0,0,0,0,0,0,0,0,0,0,0,20,0,0,273,823,180,182,190,162,151,435,0,550,3,
50.3,29.7,0,0,0,0,0,0,0,0,0,0,0,0,0,20,0,0,273,273,0,188,256,180,145,453,0,0,0,
50.3,29.7,0,0,0,0,0,0,0,0,0,0,0,0,0,20,0,0,273,873,180,200,208,172,163,445,0,600,3,
50.3,29.7,0,0,0,0,0,0,0,0,0,0,0,0,0,20,0,0,273,823,180,212,222,195,185,468,0,550,3,
50.3,29.7,0,0,0,0,0,0,0,0,0,0,0,0,0,20,0,0,273,973,180,187,200,157,143,430,0,700,3,
50.3,29.7,0,0,0,0,0,0,0,0,0,0,0,0,0,20,0,0,273,1173,180,159,167,140,132,413,0,900,3,
50.3,29.7,0,0,0,0,0,0,0,0,0,0,0,0,0,20,0,0,273,823,180,230,240,220,203,493,0,550,3,
50.3,29.7,0,0,0,0,0,0,0,0,0,0,0,0,0,20,0,0,273,673,4.8,134,148,110,89,383,0,400,0.08,
50.3,29.7,0,0,0,0,0,0,0,0,0,0,0,0,0,20,0,0,273,673,15,128,141,102,90,375,0,400,0.25,
50.3,29.7,0,0,0,0,0,0,0,0,0,0,0,0,0,20,0,0,273,823,180,256,267,230,222,503,0,550,3,
50.3,29.7,0,0,0,0,0,0,0,0,0,0,0,0,0,20,0,0,273,673,30,127,139,102,96,375,0,400,0.5,
50.3,29.7,0,0,0,0,0,0,0,0,0,0,0,0,0,20,0,0,273,923,180,220,233,193,178,466,0,650,3,
50.3,29.7,0,0,0,0,0,0,0,0,0,0,0,0,0,20,0,0,273,673,60,128,140,103,97,376,0,400,1,
50.3,29.7,0,0,0,0,0,0,0,0,0,0,0,0,0,20,0,0,273,673,180,121,132,100,90,373,0,400,3,
50.3,29.7,0,0,0,0,0,0,0,0,0,0,0,0,0,20,0,0,273,923,180,235,270,212,190,485,0,650,3,
50.3,29.7,0,0,0,0,0,0,0,0,0,0,0,0,0,20,0,0,273,673,1440,116,127,99,88,372,0,400,24,
50.3,29.7,0,0,0,0,0,0,0,0,0,0,0,0,0,20,0,0,273,773,15,140,148,112,103,385,0,500,0.25,
50.3,29.7,0,0,0,0,0,0,0,0,0,0,0,0,0,20,0,0,273,923,180,250,320,240,202,513,0,650,3,
50.3,29.7,0,0,0,0,0,0,0,0,0,0,0,0,0,20,0,0,273,773,30,138,145,118,108,391,0,500,0.5,
50.3,29.7,0,0,0,0,0,0,0,0,0,0,0,0,0,20,0,0,273,773,60,145,154,128,118,401,0,500,1,
50.3,29.7,0,0,0,0,0,0,0,0,0,0,0,0,0,20,0,0,273,773,180,160,167,142,134,415,0,500,3,
50.3,29.7,0,0,0,0,0,0,0,0,0,0,0,0,0,20,0,0,273,773,300,167,176,149,139,422,0,500,5,
50.3,29.7,0,0,0,0,0,0,0,0,0,0,0,0,0,20,0,0,273,773,600,171,179,151,140,424,0,500,10,
50.3,29.7,0,0,0,0,0,0,0,0,0,0,0,0,0,20,0,0,273,773,1200,178,185,158,145,431,0,500,20,
50.3,29.7,0,0,0,0,0,0,0,0,0,0,0,0,0,20,0,0,273,773,2880,185,195,165,153,438,0,500,48,
50.3,29.7,0,0,0,0,0,0,0,0,0,0,0,0,0,20,0,0,273,273,0,109,123,87,71,360,0,0,0,
50.3,29.7,0,0,0,0,0,0,0,0,0,0,0,0,0,20,0,0,273,273,0,110,114,83,75,356,0,0,0,
50.3,29.7,0,0,0,0,0,0,0,0,0,0,0,0,0,20,0,0,273,773,180,162,167,144,128,417,0,500,3,
50.3,29.7,0,0,0,0,0,0,0,0,0,0,0,0,0,20,0,0,273,273,0,108,112,81,72,354,0,0,0,
50.3,29.7,0,0,0,0,0,0,0,0,0,0,0,0,0,20,0,0,273,273,0,108,112,81,71,354,0,0,0,
50.3,29.7,0,0,0,0,0,0,0,0,0,0,0,0,0,20,0,0,273,273,0,111,117,84,73,357,0,0,0,
50.3,29.7,0,0,0,0,0,0,0,0,0,0,0,0,0,20,0,0,273,273,0,117,127,92,75,365,0,0,0,
50.3,29.7,0,0,0,0,0,0,0,0,0,0,0,0,0,20,0,0,273,273,0,121,142,100,79,373,0,0,0,
50.3,29.7,0,0,0,0,0,0,0,0,0,0,0,0,0,20,0,0,273,273,0,127,161,110,83,383,0,0,0,
50.3,29.7,0,0,0,0,0,0,0,0,0,0,0,0,0,20,0,0,273,273,0,133,181,119,89,392,0,0,0,
50.3,29.7,0,0,0,0,0,0,0,0,0,0,0,0,0,20,0,0,273,273,0,139,201,129,92,402,0,0,0,
50.3,29.7,0,0,0,0,0,0,0,0,0,0,0,0,0,20,0,0,273,273,0,145,219,138,95,411,0,0,0,
50.3,29.7,0,0,0,0,0,0,0,0,0,0,0,0,0,20,0,0,273,273,0,150,235,150,95,423,0,0,0,
50.3,29.7,0,0,0,0,0,0,0,0,0,0,0,0,0,20,0,0,273,273,0,150,242,154,92,427,0,0,0,
50.3,29.7,0,0,0,0,0,0,0,0,0,0,0,0,0,20,0,0,273,773,180,161,164,147,136,420,0,500,3,
50.3,29.7,0,0,0,0,0,0,0,0,0,0,0,0,0,20,0,0,273,773,180,163,165,148,138,421,0,500,3,
50.3,29.7,0,0,0,0,0,0,0,0,0,0,0,0,0,20,0,0,273,773,180,165,174,153,141,426,0,500,3,
50.3,29.7,0,0,0,0,0,0,0,0,0,0,0,0,0,20,0,0,273,773,180,174,179,158,147,431,0,500,3,
50.3,29.7,0,0,0,0,0,0,0,0,0,0,0,0,0,20,0,0,273,773,180,176,187,163,150,436,0,500,3,
50.3,29.7,0,0,0,0,0,0,0,0,0,0,0,0,0,20,0,0,273,773,180,178,198,174,152,447,0,500,3,
50.3,29.7,0,0,0,0,0,0,0,0,0,0,0,0,0,20,0,0,273,773,180,180,212,180,155,453,0,500,3,
50.3,29.7,0,0,0,0,0,0,0,0,0,0,0,0,0,20,0,0,273,773,180,187,226,189,159,462,0,500,3,
50.3,29.7,0,0,0,0,0,0,0,0,0,0,0,0,0,20,0,0,273,773,180,188,239,198,159,471,0,500,3,
50.3,29.7,0,0,0,0,0,0,0,0,0,0,0,0,0,20,0,0,273,773,180,195,250,203,160,476,0,500,3,
50.3,29.7,0,0,0,0,0,0,0,0,0,0,0,0,0,20,0,0,273,773,180,189,263,211,158,484,0,500,3,
50.3,29.7,0,0,0,0,0,0,0,0,0,0,0,0,0,20,0,0,1173,273,0,25,44,-18,-22,255,900,0,0,
50.3,29.7,0,0,0,0,0,0,0,0,0,0,0,0,0,20,0,0,1173,823,180,100,125,73,48,346,900,550,3,
50.3,29.7,0,0,0,0,0,0,0,0,0,0,0,0,0,20,0,0,1173,923,180,146,175,123,96,396,900,650,3,
50.3,29.7,0,0,0,0,0,0,0,0,0,0,0,0,0,20,0,0,1223,273,0,152,172,142,125,415,950,0,0,
50.3,29.7,0,0,0,0,0,0,0,0,0,0,0,0,0,20,0,0,1223,823,180,204,213,178,163,451,950,550,3,
50.3,29.7,0,0,0,0,0,0,0,0,0,0,0,0,0,20,0,0,1223,923,180,206,217,177,161,450,950,650,3,
50.3,29.7,0,0,0,0,0,0,0,0,0,0,0,0,0,20,0,0,273,273,0,60,80,44,30,317,0,0,0,
50.3,29.7,0,0,0,0,0,0,0,0,0,0,0,0,0,20,0,0,273,573,180,90,101,67,50,340,0,300,3,
50.3,29.7,0,0,0,0,0,0,0,0,0,0,0,0,0,20,0,0,273,673,180,82,89,56,43,329,0,400,3,
50.3,29.7,0,0,0,0,0,0,0,0,0,0,0,0,0,20,0,0,273,773,180,133,142,117,103,390,0,500,3,
50.3,29.7,0,0,0,0,0,0,0,0,0,0,0,0,0,20,0,0,273,823,180,160,166,138,128,411,0,550,3,
50.3,29.7,0,0,0,0,0,0,0,0,0,0,0,0,0,20,0,0,273,873,180,180,186,150,143,423,0,600,3,
50.3,29.7,0,0,0,0,0,0,0,0,0,0,0,0,0,20,0,0,273,973,180,185,195,145,137,418,0,700,3,
50.3,29.7,0,0,0,0,0,0,0,0,0,0,0,0,0,20,0,0,273,1073,180,121,130,93,86,366,0,800,3,
49,36,0,0,0,0,0,0,0,0,0,0,0,0,0,15,0,0,1273,273,0,491,507,457,425,730,1000,0,0,
50.3,29.7,0,0,0,0,0,0,0,0,0,0,0,0,0,20,0,0,1323,273,0,111.7,139.7,104.6,79.9,377.6,1050,0,0,
50.3,29.7,0,0,0,0,0,0,0,0,0,0,0,0,0,20,0,0,1323,823,18,98.8,128.6,89.2,60.7,362.2,1050,550,0.3,
50.3,29.7,0,0,0,0,0,0,0,0,0,0,0,0,0,20,0,0,1323,823,180,134,155.2,134.7,110.9,407.7,1050,550,3,
50.3,29.7,0,0,0,0,0,0,0,0,0,0,0,0,0,20,0,0,1323,823,1800,139.6,158.7,133.1,115.7,406.1,1050,550,30,
50.3,29.7,0,0,0,0,0,0,0,0,0,0,0,0,0,20,0,0,1323,823,18000,225.3,203.8,177.6,153.4,450.6,1050,550,300,
50.6,29.4,0,0,0,0,0,0,0,0,0,0,0,0,0,20,0,0,1173,823,30,388,425,350,294,623,900,550,0.5,
50.6,29.4,0,0,0,0,0,0,0,0,0,0,0,0,0,20,0,0,1173,823,60,425,480,415,375,688,900,550,1,
50.6,29.4,0,0,0,0,0,0,0,0,0,0,0,0,0,20,0,0,1173,823,120,537,580,496,440,769,900,550,2,
50.6,29.4,0,0,0,0,0,0,0,0,0,0,0,0,0,20,0,0,1173,823,300,550,590,518,450,791,900,550,5,
50.6,29.4,0,0,0,0,0,0,0,0,0,0,0,0,0,20,0,0,1173,823,1800,555,570,520,486,793,900,550,30,
50.4,29.6,0,0,0,0,0,0,0,0,0,0,0,0,0,20,0,0,1173,273,0,146.4,177.8,124.9,87.4,397.9,900,0,0,
50.4,29.6,0,0,0,0,0,0,0,0,0,0,0,0,0,20,0,0,1173,823,120,267.2,317.4,255.6,190.4,528.6,900,550,2,
50.6,29.4,0,0,0,0,0,0,0,0,0,0,0,0,0,20,0,0,1173,273,0,117.9,152.2,78.7,24.2,351.7,900,0,0,
50.6,29.4,0,0,0,0,0,0,0,0,0,0,0,0,0,20,0,0,1173,823,120,267.2,315.4,224,161.7,497,900,550,2,
50.8,29.2,0,0,0,0,0,0,0,0,0,0,0,0,0,20,0,0,1173,823,120,73.7,127.1,48.6,1.8,321.6,900,550,2,
51,29,0,0,0,0,0,0,0,0,0,0,0,0,0,20,0,0,1173,823,120,45.7,94.2,21.3,-8.8,294.3,900,550,2,
50.6,29.4,0,0,0,0,0,0,0,0,0,0,0,0,0,20,0,0,1173,823,120,267.2,315.4,224,161.7,497,900,550,2,
50,30,0,0,0,0,0,0,0,0,0,0,0,0,0,20,0,0,273,273,0,320,350,295,260,568,0,0,0,
50.2,29.8,0,0,0,0,0,0,0,0,0,0,0,0,0,20,0,0,273,273,0,238,372,230,192,503,0,0,0,
50.3,29.7,0,0,0,0,0,0,0,0,0,0,0,0,0,20,0,0,273,273,0,206,240,205,163,478,0,0,0,
50.4,29.6,0,0,0,0,0,0,0,0,0,0,0,0,0,20,0,0,273,273,0,185,210,177,138,450,0,0,0,
50.5,29.5,0,0,0,0,0,0,0,0,0,0,0,0,0,20,0,0,273,273,0,142,172,137,98,410,0,0,0,
50.6,29.4,0,0,0,0,0,0,0,0,0,0,0,0,0,20,0,0,273,273,0,142,172,138,108,411,0,0,0,
50.7,29.3,0,0,0,0,0,0,0,0,0,0,0,0,0,20,0,0,273,273,0,170,194,145,120,418,0,0,0,
50.8,29.2,0,0,0,0,0,0,0,0,0,0,0,0,0,20,0,0,273,273,0,168,202,150,120,423,0,0,0,
50.9,29.1,0,0,0,0,0,0,0,0,0,0,0,0,0,20,0,0,273,273,0,165,208,149,115,422,0,0,0,
51,29,0,0,0,0,0,0,0,0,0,0,0,0,0,20,0,0,273,273,0,157,208,148,113,421,0,0,0,
50,30,0,0,0,0,0,0,0,0,0,0,0,0,0,20,0,0,1323,273,0,312,335,300,270,573,1050,0,0,
50.2,29.8,0,0,0,0,0,0,0,0,0,0,0,0,0,20,0,0,1323,273,0,240,270,237,202,510,1050,0,0,
50.3,29.7,0,0,0,0,0,0,0,0,0,0,0,0,0,20,0,0,1323,273,0,205,237,205,178,478,1050,0,0,
50.4,29.6,0,0,0,0,0,0,0,0,0,0,0,0,0,20,0,0,1323,273,0,187,210,180,150,453,1050,0,0,
50.5,29.5,0,0,0,0,0,0,0,0,0,0,0,0,0,20,0,0,1323,273,0,140,163,138,100,411,1050,0,0,
50.6,29.4,0,0,0,0,0,0,0,0,0,0,0,0,0,20,0,0,1323,273,0,90,123,96,40,369,1050,0,0,
50.7,29.3,0,0,0,0,0,0,0,0,0,0,0,0,0,20,0,0,1323,273,0,37,58,20,-14,293,1050,0,0,
50,30,0,0,0,0,0,0,0,0,0,0,0,0,0,20,0,0,1323,673,180,321,343,305,269,578,1050,400,3,
50.2,29.8,0,0,0,0,0,0,0,0,0,0,0,0,0,20,0,0,1323,673,180,238,262,237,195,510,1050,400,3,
50.3,29.7,0,0,0,0,0,0,0,0,0,0,0,0,0,20,0,0,1323,673,180,214,236,205,175,478,1050,400,3,
50.4,29.6,0,0,0,0,0,0,0,0,0,0,0,0,0,20,0,0,1323,673,180,188,210,180,140,453,1050,400,3,
50.5,29.5,0,0,0,0,0,0,0,0,0,0,0,0,0,20,0,0,1323,673,180,139,162,137,100,410,1050,400,3,
50.6,29.4,0,0,0,0,0,0,0,0,0,0,0,0,0,20,0,0,1323,673,180,150,175,145,120,418,1050,400,3,
50.7,29.3,0,0,0,0,0,0,0,0,0,0,0,0,0,20,0,0,1323,673,180,171,200,150,122,423,1050,400,3,
50.8,29.2,0,0,0,0,0,0,0,0,0,0,0,0,0,20,0,0,1323,673,180,175,208,150,122,423,1050,400,3,
50.9,29.1,0,0,0,0,0,0,0,0,0,0,0,0,0,20,0,0,1323,673,180,170,210,150,122,423,1050,400,3,
51,29,0,0,0,0,0,0,0,0,0,0,0,0,0,20,0,0,1323,673,180,165,212,150,121,423,1050,400,3,
50,30,0,0,0,0,0,0,0,0,0,0,0,0,0,20,0,0,1323,823,180,312,337,295,260,568,1050,550,3,
50.2,29.8,0,0,0,0,0,0,0,0,0,0,0,0,0,20,0,0,1323,823,180,260,278,242,210,515,1050,550,3,
50.3,29.7,0,0,0,0,0,0,0,0,0,0,0,0,0,20,0,0,1323,823,180,245,264,227,192,500,1050,550,3,
50.4,29.6,0,0,0,0,0,0,0,0,0,0,0,0,0,20,0,0,1323,823,180,222,238,210,178,483,1050,550,3,
50.5,29.5,0,0,0,0,0,0,0,0,0,0,0,0,0,20,0,0,1323,823,180,195,211,180,162,453,1050,550,3,
50.6,29.4,0,0,0,0,0,0,0,0,0,0,0,0,0,20,0,0,1323,823,180,180,190,162,144,435,1050,550,3,
50.7,29.3,0,0,0,0,0,0,0,0,0,0,0,0,0,20,0,0,1323,823,180,177,190,140,125,413,1050,550,3,
50.8,29.2,0,0,0,0,0,0,0,0,0,0,0,0,0,20,0,0,1323,823,180,173,206,145,122,418,1050,550,3,
50.9,29.1,0,0,0,0,0,0,0,0,0,0,0,0,0,20,0,0,1323,823,180,178,213,150,127,423,1050,550,3,
51,29,0,0,0,0,0,0,0,0,0,0,0,0,0,20,0,0,1323,823,180,173,220,150,130,423,1050,550,3,
50,30,0,0,0,0,0,0,0,0,0,0,0,0,0,20,0,0,1323,923,180,314,332,292,258,565,1050,650,3,
50.2,29.8,0,0,0,0,0,0,0,0,0,0,0,0,0,20,0,0,1323,923,180,250,267,230,202,503,1050,650,3,
50.3,29.7,0,0,0,0,0,0,0,0,0,0,0,0,0,20,0,0,1323,923,180,237,255,222,187,495,1050,650,3,
50.4,29.6,0,0,0,0,0,0,0,0,0,0,0,0,0,20,0,0,1323,923,180,225,244,208,170,481,1050,650,3,
50.5,29.5,0,0,0,0,0,0,0,0,0,0,0,0,0,20,0,0,1323,923,180,205,217,182,155,455,1050,650,3,
50.6,29.4,0,0,0,0,0,0,0,0,0,0,0,0,0,20,0,0,1323,923,180,192,206,162,142,435,1050,650,3,
50.7,29.3,0,0,0,0,0,0,0,0,0,0,0,0,0,20,0,0,1323,923,180,180,194,140,113,413,1050,650,3,
50.8,29.2,0,0,0,0,0,0,0,0,0,0,0,0,0,20,0,0,1323,923,180,175,187,130,117,403,1050,650,3,
50.9,29.1,0,0,0,0,0,0,0,0,0,0,0,0,0,20,0,0,1323,923,180,166,184,125,108,398,1050,650,3,
51,29,0,0,0,0,0,0,0,0,0,0,0,0,0,20,0,0,1323,923,180,156,184,125,102,398,1050,650,3,
50.3,29.7,0,0,0,0,0,0,0,0,0,0,0,0,0,20,0,0,273,823,120,155,166,137,128,410,0,550,2,
50.3,29.7,0,0,0,0,0,0,0,0,0,0,0,0,0,20,0,0,273,823,120,161,172,143,136,416,0,550,2,
50.3,29.7,0,0,0,0,0,0,0,0,0,0,0,0,0,20,0,0,273,823,120,170,178,153,144,426,0,550,2,
50.3,29.7,0,0,0,0,0,0,0,0,0,0,0,0,0,20,0,0,273,823,120,177,187,165,150,438,0,550,2,
50.3,29.7,0,0,0,0,0,0,0,0,0,0,0,0,0,20,0,0,273,823,120,183,200,179,159,452,0,550,2,
50.3,29.7,0,0,0,0,0,0,0,0,0,0,0,0,0,20,0,0,273,823,120,194,218,195,164,468,0,550,2,
50.3,29.7,0,0,0,0,0,0,0,0,0,0,0,0,0,20,0,0,273,823,120,156,163,135,130,408,0,550,2,
50.3,29.7,0,0,0,0,0,0,0,0,0,0,0,0,0,20,0,0,273,823,120,159,163,139,133,412,0,550,2,
50.3,29.7,0,0,0,0,0,0,0,0,0,0,0,0,0,20,0,0,273,823,120,163,168,144,138,417,0,550,2,
50.3,29.7,0,0,0,0,0,0,0,0,0,0,0,0,0,20,0,0,273,823,120,168,173,151,142,424,0,550,2,
50.3,29.7,0,0,0,0,0,0,0,0,0,0,0,0,0,20,0,0,273,823,120,171,181,158,146,431,0,550,2,
50.3,29.7,0,0,0,0,0,0,0,0,0,0,0,0,0,20,0,0,273,823,120,173,189,164,149,437,0,550,2,
